"month","name","total"
"2014-01",Adjustable Race,3
"2014-01",All-Purpose Bike Stand,18
"2014-01",AWC Logo Cap,243
"2014-01",BB Ball Bearing,31
"2014-01",Bearing Ball,3
"2014-01",Bike Wash - Dissolver,100
"2014-01",Blade,31
"2014-01",Chain,31
"2014-01",Chainring,8
"2014-01",Chainring Bolts,7
"2014-01",Chainring Nut,7
"2014-01",Chain Stays,31
"2014-01","Classic Vest, L",19
"2014-01","Classic Vest, M",48
"2014-01","Classic Vest, S",52
"2014-01",Cone-Shaped Race,4
"2014-01",Crown Race,3
"2014-01",Cup-Shaped Race,3
"2014-01",Decal 1,3
"2014-01",Decal 2,3
"2014-01",Down Tube,31
"2014-01",External Lock Washer 1,2
"2014-01",External Lock Washer 2,2
"2014-01",External Lock Washer 3,3
"2014-01",External Lock Washer 4,3
"2014-01",External Lock Washer 5,3
"2014-01",External Lock Washer 6,2
"2014-01",External Lock Washer 7,3
"2014-01",External Lock Washer 8,2
"2014-01",External Lock Washer 9,4
"2014-01",Fender Set - Mountain,163
"2014-01",Flat Washer 1,5
"2014-01",Flat Washer 2,3
"2014-01",Flat Washer 3,4
"2014-01",Flat Washer 4,3
"2014-01",Flat Washer 5,4
"2014-01",Flat Washer 6,5
"2014-01",Flat Washer 7,4
"2014-01",Flat Washer 8,5
"2014-01",Flat Washer 9,3
"2014-01",Fork Crown,31
"2014-01",Fork End,31
"2014-01",Freewheel,3
"2014-01",Front Brakes,31
"2014-01",Front Derailleur,57
"2014-01",Front Derailleur Cage,4
"2014-01",Front Derailleur Linkage,4
"2014-01","Full-Finger Gloves, L",1
"2014-01","Full-Finger Gloves, M",1
"2014-01","Full-Finger Gloves, S",1
"2014-01",Guide Pulley,2
"2014-01","Half-Finger Gloves, L",46
"2014-01","Half-Finger Gloves, M",62
"2014-01","Half-Finger Gloves, S",54
"2014-01",Handlebar Tube,31
"2014-01",Headset Ball Bearings,3
"2014-01",Head Tube,31
"2014-01",Hex Nut 1,1
"2014-01",Hex Nut 10,2
"2014-01",Hex Nut 11,2
"2014-01",Hex Nut 12,2
"2014-01",Hex Nut 13,1
"2014-01",Hex Nut 14,3
"2014-01",Hex Nut 15,3
"2014-01",Hex Nut 16,3
"2014-01",Hex Nut 17,3
"2014-01",Hex Nut 18,3
"2014-01",Hex Nut 19,3
"2014-01",Hex Nut 2,3
"2014-01",Hex Nut 20,3
"2014-01",Hex Nut 21,3
"2014-01",Hex Nut 22,2
"2014-01",Hex Nut 23,2
"2014-01",Hex Nut 3,3
"2014-01",Hex Nut 4,3
"2014-01",Hex Nut 5,3
"2014-01",Hex Nut 6,3
"2014-01",Hex Nut 7,3
"2014-01",Hex Nut 8,2
"2014-01",Hex Nut 9,2
"2014-01",Hitch Rack - 4-Bike,53
"2014-01",HL Bottom Bracket,53
"2014-01",HL Crankarm,7
"2014-01",HL Crankset,57
"2014-01",HL Fork,31
"2014-01",HL Grip Tape,4
"2014-01",HL Headset,31
"2014-01",HL Hub,31
"2014-01","HL Mountain Frame - Black, 38",29
"2014-01","HL Mountain Frame - Black, 42",35
"2014-01","HL Mountain Frame - Black, 46",20
"2014-01","HL Mountain Frame - Silver, 38",37
"2014-01","HL Mountain Frame - Silver, 42",21
"2014-01","HL Mountain Frame - Silver, 46",31
"2014-01",HL Mountain Handlebars,31
"2014-01",HL Mountain Pedal,23
"2014-01",HL Mountain Rim,3
"2014-01",HL Mountain Seat Assembly,31
"2014-01",HL Mountain Seat/Saddle,15
"2014-01",HL Mountain Tire,124
"2014-01",HL Nipple,8
"2014-01","HL Road Frame - Black, 44",9
"2014-01","HL Road Frame - Black, 48",14
"2014-01","HL Road Frame - Black, 52",10
"2014-01","HL Road Frame - Black, 58",6
"2014-01","HL Road Frame - Red, 58",13
"2014-01",HL Road Front Wheel,27
"2014-01",HL Road Handlebars,27
"2014-01",HL Road Pedal,14
"2014-01",HL Road Rear Wheel,27
"2014-01",HL Road Rim,6
"2014-01",HL Road Seat Assembly,27
"2014-01",HL Road Seat/Saddle,4
"2014-01",HL Road Tire,77
"2014-01",HL Shell,4
"2014-01",HL Spindle/Axle,7
"2014-01","HL Touring Frame - Blue, 46",20
"2014-01","HL Touring Frame - Blue, 50",17
"2014-01","HL Touring Frame - Blue, 54",25
"2014-01","HL Touring Frame - Blue, 60",30
"2014-01","HL Touring Frame - Yellow, 46",13
"2014-01","HL Touring Frame - Yellow, 50",16
"2014-01","HL Touring Frame - Yellow, 54",20
"2014-01","HL Touring Frame - Yellow, 60",18
"2014-01",HL Touring Handlebars,31
"2014-01",HL Touring Seat Assembly,31
"2014-01",HL Touring Seat/Saddle,12
"2014-01",Hydration Pack - 70 oz.,90
"2014-01",Internal Lock Washer 1,2
"2014-01",Internal Lock Washer 10,2
"2014-01",Internal Lock Washer 2,3
"2014-01",Internal Lock Washer 3,2
"2014-01",Internal Lock Washer 4,2
"2014-01",Internal Lock Washer 5,2
"2014-01",Internal Lock Washer 6,2
"2014-01",Internal Lock Washer 7,2
"2014-01",Internal Lock Washer 8,3
"2014-01",Internal Lock Washer 9,2
"2014-01",Keyed Washer,4
"2014-01",LL Bottom Bracket,31
"2014-01",LL Crankarm,5
"2014-01",LL Crankset,39
"2014-01",LL Fork,31
"2014-01",LL Grip Tape,8
"2014-01",LL Headset,31
"2014-01",LL Hub,31
"2014-01","LL Mountain Frame - Black, 40",6
"2014-01","LL Mountain Frame - Black, 42",14
"2014-01","LL Mountain Frame - Black, 44",27
"2014-01","LL Mountain Frame - Black, 48",7
"2014-01","LL Mountain Frame - Black, 52",4
"2014-01","LL Mountain Frame - Silver, 40",18
"2014-01","LL Mountain Frame - Silver, 42",32
"2014-01","LL Mountain Frame - Silver, 44",4
"2014-01","LL Mountain Frame - Silver, 48",3
"2014-01","LL Mountain Frame - Silver, 52",16
"2014-01",LL Mountain Front Wheel,29
"2014-01",LL Mountain Handlebars,42
"2014-01",LL Mountain Pedal,8
"2014-01",LL Mountain Rear Wheel,29
"2014-01",LL Mountain Rim,7
"2014-01",LL Mountain Seat Assembly,29
"2014-01",LL Mountain Seat/Saddle,4
"2014-01",LL Mountain Tire,82
"2014-01",LL Nipple,8
"2014-01","LL Road Frame - Black, 44",23
"2014-01","LL Road Frame - Black, 48",21
"2014-01","LL Road Frame - Black, 52",29
"2014-01","LL Road Frame - Black, 58",24
"2014-01","LL Road Frame - Red, 44",1
"2014-01","LL Road Frame - Red, 48",1
"2014-01","LL Road Frame - Red, 60",1
"2014-01","LL Road Frame - Red, 62",1
"2014-01",LL Road Front Wheel,29
"2014-01",LL Road Handlebars,29
"2014-01",LL Road Pedal,26
"2014-01",LL Road Rear Wheel,29
"2014-01",LL Road Rim,7
"2014-01",LL Road Seat Assembly,29
"2014-01",LL Road Seat/Saddle,5
"2014-01",LL Road Tire,101
"2014-01",LL Shell,4
"2014-01",LL Spindle/Axle,7
"2014-01","LL Touring Frame - Blue, 44",4
"2014-01","LL Touring Frame - Blue, 50",14
"2014-01","LL Touring Frame - Blue, 54",15
"2014-01","LL Touring Frame - Blue, 58",4
"2014-01","LL Touring Frame - Blue, 62",6
"2014-01","LL Touring Frame - Yellow, 44",18
"2014-01","LL Touring Frame - Yellow, 50",13
"2014-01","LL Touring Frame - Yellow, 54",4
"2014-01","LL Touring Frame - Yellow, 58",5
"2014-01","LL Touring Frame - Yellow, 62",15
"2014-01",LL Touring Handlebars,27
"2014-01",LL Touring Seat Assembly,27
"2014-01",LL Touring Seat/Saddle,2
"2014-01",Lock Nut 1,1
"2014-01",Lock Nut 10,1
"2014-01",Lock Nut 11,1
"2014-01",Lock Nut 14,2
"2014-01",Lock Nut 15,2
"2014-01",Lock Nut 18,2
"2014-01",Lock Nut 19,2
"2014-01",Lock Nut 2,1
"2014-01",Lock Nut 20,1
"2014-01",Lock Nut 21,1
"2014-01",Lock Nut 3,1
"2014-01",Lock Nut 4,2
"2014-01",Lock Ring,1
"2014-01",Lock Washer 1,1
"2014-01",Lock Washer 10,1
"2014-01",Lock Washer 11,1
"2014-01",Lock Washer 12,1
"2014-01",Lock Washer 13,1
"2014-01",Lock Washer 2,1
"2014-01",Lock Washer 3,1
"2014-01",Lock Washer 6,1
"2014-01",Lock Washer 7,1
"2014-01",Lock Washer 8,1
"2014-01",Lock Washer 9,1
"2014-01","Long-Sleeve Logo Jersey, L",62
"2014-01","Long-Sleeve Logo Jersey, M",50
"2014-01","Long-Sleeve Logo Jersey, S",48
"2014-01","Long-Sleeve Logo Jersey, XL",43
"2014-01",Lower Head Race,4
"2014-01",Metal Angle,1
"2014-01",Metal Bar 1,1
"2014-01",Metal Bar 2,1
"2014-01",Metal Plate 1,1
"2014-01",Metal Plate 2,1
"2014-01",Metal Plate 3,1
"2014-01",Metal Sheet 1,2
"2014-01",Metal Sheet 2,1
"2014-01",Metal Sheet 3,1
"2014-01",Metal Sheet 4,1
"2014-01",Metal Sheet 5,1
"2014-01",Metal Sheet 6,2
"2014-01",Metal Sheet 7,1
"2014-01",Metal Tread Plate,2
"2014-01",ML Bottom Bracket,31
"2014-01",ML Crankarm,5
"2014-01",ML Crankset,31
"2014-01",ML Fork,31
"2014-01",ML Grip Tape,8
"2014-01",ML Headset,31
"2014-01","ML Mountain Frame-W - Silver, 38",12
"2014-01","ML Mountain Frame-W - Silver, 40",33
"2014-01","ML Mountain Frame-W - Silver, 42",33
"2014-01","ML Mountain Frame-W - Silver, 46",11
"2014-01",ML Mountain Front Wheel,31
"2014-01",ML Mountain Handlebars,23
"2014-01",ML Mountain Pedal,8
"2014-01",ML Mountain Rear Wheel,31
"2014-01",ML Mountain Rim,7
"2014-01",ML Mountain Seat/Saddle,15
"2014-01",ML Mountain Tire,96
"2014-01","ML Road Frame-W - Yellow, 38",24
"2014-01","ML Road Frame-W - Yellow, 40",21
"2014-01","ML Road Frame-W - Yellow, 42",27
"2014-01","ML Road Frame-W - Yellow, 44",29
"2014-01","ML Road Frame-W - Yellow, 48",37
"2014-01",ML Road Front Wheel,31
"2014-01",ML Road Handlebars,31
"2014-01",ML Road Pedal,24
"2014-01",ML Road Rear Wheel,31
"2014-01",ML Road Rim,7
"2014-01",ML Road Seat Assembly,31
"2014-01",ML Road Seat/Saddle,5
"2014-01",ML Road Tire,98
"2014-01",ML Touring Seat Assembly,19
"2014-01",ML Touring Seat/Saddle,2
"2014-01","Mountain-200 Black, 38",96
"2014-01","Mountain-200 Black, 42",89
"2014-01","Mountain-200 Black, 46",72
"2014-01","Mountain-200 Silver, 38",87
"2014-01","Mountain-200 Silver, 42",73
"2014-01","Mountain-200 Silver, 46",82
"2014-01","Mountain-400-W Silver, 38",37
"2014-01","Mountain-400-W Silver, 40",33
"2014-01","Mountain-400-W Silver, 42",26
"2014-01","Mountain-400-W Silver, 46",34
"2014-01","Mountain-500 Black, 40",21
"2014-01","Mountain-500 Black, 42",12
"2014-01","Mountain-500 Black, 44",13
"2014-01","Mountain-500 Black, 48",21
"2014-01","Mountain-500 Black, 52",20
"2014-01","Mountain-500 Silver, 40",27
"2014-01","Mountain-500 Silver, 42",19
"2014-01","Mountain-500 Silver, 44",17
"2014-01","Mountain-500 Silver, 48",16
"2014-01","Mountain-500 Silver, 52",23
"2014-01",Mountain Bottle Cage,191
"2014-01",Mountain End Caps,31
"2014-01",Mountain Tire Tube,251
"2014-01",Paint - Black,5
"2014-01",Paint - Blue,5
"2014-01",Paint - Red,5
"2014-01",Paint - Silver,5
"2014-01",Paint - Yellow,5
"2014-01",Patch Kit/8 Patches,285
"2014-01",Pinch Bolt,3
"2014-01","Racing Socks, L",47
"2014-01","Racing Socks, M",50
"2014-01",Rear Brakes,3
"2014-01",Rear Derailleur,31
"2014-01",Rear Derailleur Cage,5
"2014-01",Reflector,3
"2014-01","Road-250 Black, 44",40
"2014-01","Road-250 Black, 48",43
"2014-01","Road-250 Black, 52",26
"2014-01","Road-250 Black, 58",20
"2014-01","Road-250 Red, 58",35
"2014-01","Road-350-W Yellow, 40",70
"2014-01","Road-350-W Yellow, 42",65
"2014-01","Road-350-W Yellow, 44",44
"2014-01","Road-350-W Yellow, 48",64
"2014-01","Road-550-W Yellow, 38",48
"2014-01","Road-550-W Yellow, 40",41
"2014-01","Road-550-W Yellow, 42",49
"2014-01","Road-550-W Yellow, 44",35
"2014-01","Road-550-W Yellow, 48",55
"2014-01","Road-650 Black, 52",1
"2014-01","Road-650 Black, 58",1
"2014-01","Road-650 Red, 44",1
"2014-01","Road-650 Red, 48",1
"2014-01","Road-650 Red, 60",1
"2014-01","Road-650 Red, 62",1
"2014-01","Road-750 Black, 44",59
"2014-01","Road-750 Black, 48",77
"2014-01","Road-750 Black, 52",70
"2014-01","Road-750 Black, 58",66
"2014-01",Road Bottle Cage,164
"2014-01",Road End Caps,31
"2014-01",Road Tire Tube,209
"2014-01",Seat Lug,4
"2014-01",Seat Post,3
"2014-01",Seat Stays,31
"2014-01",Seat Tube,31
"2014-01","Short-Sleeve Classic Jersey, L",54
"2014-01","Short-Sleeve Classic Jersey, M",32
"2014-01","Short-Sleeve Classic Jersey, S",45
"2014-01","Short-Sleeve Classic Jersey, XL",76
"2014-01",Spokes,4
"2014-01","Sport-100 Helmet, Black",198
"2014-01","Sport-100 Helmet, Blue",204
"2014-01","Sport-100 Helmet, Red",217
"2014-01",Steerer,31
"2014-01",Stem,31
"2014-01",Tension Pulley,2
"2014-01",Thin-Jam Hex Nut 1,1
"2014-01",Thin-Jam Hex Nut 10,1
"2014-01",Thin-Jam Hex Nut 11,1
"2014-01",Thin-Jam Hex Nut 12,2
"2014-01",Thin-Jam Hex Nut 13,2
"2014-01",Thin-Jam Hex Nut 14,2
"2014-01",Thin-Jam Hex Nut 15,1
"2014-01",Thin-Jam Hex Nut 16,1
"2014-01",Thin-Jam Hex Nut 2,1
"2014-01",Thin-Jam Hex Nut 3,2
"2014-01",Thin-Jam Hex Nut 4,2
"2014-01",Thin-Jam Hex Nut 5,1
"2014-01",Thin-Jam Hex Nut 6,2
"2014-01",Thin-Jam Hex Nut 7,2
"2014-01",Thin-Jam Hex Nut 8,2
"2014-01",Thin-Jam Hex Nut 9,1
"2014-01",Thin-Jam Lock Nut 1,3
"2014-01",Thin-Jam Lock Nut 10,2
"2014-01",Thin-Jam Lock Nut 11,1
"2014-01",Thin-Jam Lock Nut 12,2
"2014-01",Thin-Jam Lock Nut 13,3
"2014-01",Thin-Jam Lock Nut 14,3
"2014-01",Thin-Jam Lock Nut 15,3
"2014-01",Thin-Jam Lock Nut 16,3
"2014-01",Thin-Jam Lock Nut 2,3
"2014-01",Thin-Jam Lock Nut 3,3
"2014-01",Thin-Jam Lock Nut 4,3
"2014-01",Thin-Jam Lock Nut 5,3
"2014-01",Thin-Jam Lock Nut 6,3
"2014-01",Thin-Jam Lock Nut 7,3
"2014-01",Thin-Jam Lock Nut 8,3
"2014-01",Thin-Jam Lock Nut 9,2
"2014-01",Top Tube,31
"2014-01","Touring-1000 Blue, 46",67
"2014-01","Touring-1000 Blue, 50",52
"2014-01","Touring-1000 Blue, 54",44
"2014-01","Touring-1000 Blue, 60",64
"2014-01","Touring-1000 Yellow, 46",63
"2014-01","Touring-1000 Yellow, 50",57
"2014-01","Touring-1000 Yellow, 54",45
"2014-01","Touring-1000 Yellow, 60",52
"2014-01","Touring-2000 Blue, 46",34
"2014-01","Touring-2000 Blue, 50",26
"2014-01","Touring-2000 Blue, 54",50
"2014-01","Touring-2000 Blue, 60",49
"2014-01","Touring-3000 Blue, 44",25
"2014-01","Touring-3000 Blue, 50",39
"2014-01","Touring-3000 Blue, 54",42
"2014-01","Touring-3000 Blue, 58",24
"2014-01","Touring-3000 Blue, 62",29
"2014-01","Touring-3000 Yellow, 44",42
"2014-01","Touring-3000 Yellow, 50",34
"2014-01","Touring-3000 Yellow, 54",29
"2014-01","Touring-3000 Yellow, 58",24
"2014-01","Touring-3000 Yellow, 62",47
"2014-01",Touring End Caps,31
"2014-01",Touring Front Wheel,31
"2014-01",Touring Pedal,3
"2014-01",Touring Rear Wheel,31
"2014-01",Touring Rim,7
"2014-01",Touring Tire,83
"2014-01",Touring Tire Tube,122
"2014-01",Water Bottle - 30 oz.,429
"2014-01","Women's Mountain Shorts, L",72
"2014-01","Women's Mountain Shorts, M",38
"2014-01","Women's Mountain Shorts, S",60
"2014-02",Adjustable Race,4
"2014-02",All-Purpose Bike Stand,17
"2014-02",AWC Logo Cap,180
"2014-02",BB Ball Bearing,28
"2014-02",Bearing Ball,4
"2014-02",Bike Wash - Dissolver,52
"2014-02",Blade,28
"2014-02",Chain,4
"2014-02",Chainring,11
"2014-02",Chainring Bolts,11
"2014-02",Chainring Nut,11
"2014-02",Chain Stays,28
"2014-02","Classic Vest, L",21
"2014-02","Classic Vest, M",18
"2014-02","Classic Vest, S",11
"2014-02",Cone-Shaped Race,3
"2014-02",Crown Race,4
"2014-02",Cup-Shaped Race,4
"2014-02",Decal 1,4
"2014-02",Decal 2,4
"2014-02",Down Tube,28
"2014-02",External Lock Washer 1,4
"2014-02",External Lock Washer 2,2
"2014-02",External Lock Washer 3,2
"2014-02",External Lock Washer 4,2
"2014-02",External Lock Washer 5,3
"2014-02",External Lock Washer 6,4
"2014-02",External Lock Washer 7,3
"2014-02",External Lock Washer 8,2
"2014-02",External Lock Washer 9,2
"2014-02",Fender Set - Mountain,159
"2014-02",Flat Washer 1,3
"2014-02",Flat Washer 2,5
"2014-02",Flat Washer 3,3
"2014-02",Flat Washer 4,3
"2014-02",Flat Washer 5,4
"2014-02",Flat Washer 6,3
"2014-02",Flat Washer 7,4
"2014-02",Flat Washer 8,3
"2014-02",Flat Washer 9,3
"2014-02",Fork Crown,28
"2014-02",Fork End,28
"2014-02",Freewheel,4
"2014-02",Front Brakes,4
"2014-02",Front Derailleur,29
"2014-02",Front Derailleur Cage,8
"2014-02",Front Derailleur Linkage,8
"2014-02",Guide Pulley,4
"2014-02","Half-Finger Gloves, L",24
"2014-02","Half-Finger Gloves, M",46
"2014-02","Half-Finger Gloves, S",22
"2014-02",Handlebar Tube,28
"2014-02",Headset Ball Bearings,4
"2014-02",Head Tube,28
"2014-02",Hex Nut 1,1
"2014-02",Hex Nut 10,1
"2014-02",Hex Nut 11,1
"2014-02",Hex Nut 13,1
"2014-02",Hex Nut 14,1
"2014-02",Hex Nut 15,1
"2014-02",Hex Nut 16,2
"2014-02",Hex Nut 17,2
"2014-02",Hex Nut 18,1
"2014-02",Hex Nut 19,1
"2014-02",Hex Nut 2,1
"2014-02",Hex Nut 20,1
"2014-02",Hex Nut 21,1
"2014-02",Hex Nut 3,1
"2014-02",Hex Nut 4,1
"2014-02",Hex Nut 5,2
"2014-02",Hex Nut 6,2
"2014-02",Hex Nut 7,2
"2014-02",Hex Nut 8,3
"2014-02",Hex Nut 9,3
"2014-02",Hitch Rack - 4-Bike,27
"2014-02",HL Bottom Bracket,29
"2014-02",HL Crankarm,10
"2014-02",HL Crankset,28
"2014-02",HL Fork,28
"2014-02",HL Grip Tape,3
"2014-02",HL Headset,27
"2014-02",HL Hub,28
"2014-02","HL Mountain Frame - Black, 38",19
"2014-02","HL Mountain Frame - Black, 42",19
"2014-02","HL Mountain Frame - Black, 46",18
"2014-02","HL Mountain Frame - Silver, 38",18
"2014-02","HL Mountain Frame - Silver, 42",18
"2014-02","HL Mountain Frame - Silver, 46",18
"2014-02",HL Mountain Handlebars,28
"2014-02",HL Mountain Pedal,3
"2014-02",HL Mountain Rim,2
"2014-02",HL Mountain Seat Assembly,28
"2014-02",HL Mountain Seat/Saddle,5
"2014-02",HL Mountain Tire,111
"2014-02",HL Nipple,7
"2014-02","HL Road Frame - Black, 44",7
"2014-02","HL Road Frame - Black, 48",13
"2014-02","HL Road Frame - Black, 52",7
"2014-02","HL Road Frame - Black, 58",9
"2014-02","HL Road Frame - Red, 58",9
"2014-02",HL Road Front Wheel,24
"2014-02",HL Road Handlebars,24
"2014-02",HL Road Pedal,4
"2014-02",HL Road Rear Wheel,24
"2014-02",HL Road Rim,8
"2014-02",HL Road Seat Assembly,24
"2014-02",HL Road Seat/Saddle,5
"2014-02",HL Road Tire,65
"2014-02",HL Shell,4
"2014-02",HL Spindle/Axle,8
"2014-02","HL Touring Frame - Blue, 46",17
"2014-02","HL Touring Frame - Blue, 50",16
"2014-02","HL Touring Frame - Blue, 54",19
"2014-02","HL Touring Frame - Blue, 60",14
"2014-02","HL Touring Frame - Yellow, 46",12
"2014-02","HL Touring Frame - Yellow, 50",15
"2014-02","HL Touring Frame - Yellow, 54",14
"2014-02","HL Touring Frame - Yellow, 60",14
"2014-02",HL Touring Handlebars,27
"2014-02",HL Touring Seat Assembly,27
"2014-02",HL Touring Seat/Saddle,3
"2014-02",Hydration Pack - 70 oz.,64
"2014-02",Internal Lock Washer 1,1
"2014-02",Internal Lock Washer 10,1
"2014-02",Internal Lock Washer 2,1
"2014-02",Internal Lock Washer 3,2
"2014-02",Internal Lock Washer 4,2
"2014-02",Internal Lock Washer 5,1
"2014-02",Internal Lock Washer 6,1
"2014-02",Internal Lock Washer 7,1
"2014-02",Internal Lock Washer 8,1
"2014-02",Internal Lock Washer 9,1
"2014-02",Keyed Washer,4
"2014-02",LL Bottom Bracket,28
"2014-02",LL Crankarm,5
"2014-02",LL Crankset,29
"2014-02",LL Fork,28
"2014-02",LL Grip Tape,7
"2014-02",LL Headset,28
"2014-02",LL Hub,28
"2014-02","LL Mountain Frame - Black, 40",5
"2014-02","LL Mountain Frame - Black, 42",6
"2014-02","LL Mountain Frame - Black, 44",4
"2014-02","LL Mountain Frame - Black, 48",6
"2014-02","LL Mountain Frame - Black, 52",7
"2014-02","LL Mountain Frame - Silver, 40",5
"2014-02","LL Mountain Frame - Silver, 42",7
"2014-02","LL Mountain Frame - Silver, 44",4
"2014-02","LL Mountain Frame - Silver, 48",8
"2014-02","LL Mountain Frame - Silver, 52",4
"2014-02",LL Mountain Front Wheel,28
"2014-02",LL Mountain Handlebars,29
"2014-02",LL Mountain Pedal,8
"2014-02",LL Mountain Rear Wheel,28
"2014-02",LL Mountain Rim,8
"2014-02",LL Mountain Seat Assembly,28
"2014-02",LL Mountain Seat/Saddle,5
"2014-02",LL Mountain Tire,80
"2014-02",LL Nipple,6
"2014-02","LL Road Frame - Black, 44",15
"2014-02","LL Road Frame - Black, 48",17
"2014-02","LL Road Frame - Black, 52",22
"2014-02","LL Road Frame - Black, 58",19
"2014-02","LL Road Frame - Red, 48",1
"2014-02",LL Road Front Wheel,27
"2014-02",LL Road Handlebars,27
"2014-02",LL Road Pedal,4
"2014-02",LL Road Rear Wheel,27
"2014-02",LL Road Rim,7
"2014-02",LL Road Seat Assembly,27
"2014-02",LL Road Seat/Saddle,5
"2014-02",LL Road Tire,77
"2014-02",LL Shell,4
"2014-02",LL Spindle/Axle,7
"2014-02","LL Touring Frame - Blue, 44",3
"2014-02","LL Touring Frame - Blue, 50",3
"2014-02","LL Touring Frame - Blue, 54",8
"2014-02","LL Touring Frame - Blue, 58",6
"2014-02","LL Touring Frame - Blue, 62",7
"2014-02","LL Touring Frame - Yellow, 44",8
"2014-02","LL Touring Frame - Yellow, 50",6
"2014-02","LL Touring Frame - Yellow, 54",3
"2014-02","LL Touring Frame - Yellow, 58",6
"2014-02","LL Touring Frame - Yellow, 62",6
"2014-02",LL Touring Handlebars,24
"2014-02",LL Touring Seat Assembly,24
"2014-02",LL Touring Seat/Saddle,4
"2014-02",Lock Nut 1,1
"2014-02",Lock Nut 10,1
"2014-02",Lock Nut 11,1
"2014-02",Lock Nut 12,1
"2014-02",Lock Nut 13,1
"2014-02",Lock Nut 14,1
"2014-02",Lock Nut 15,1
"2014-02",Lock Nut 16,2
"2014-02",Lock Nut 17,2
"2014-02",Lock Nut 18,1
"2014-02",Lock Nut 19,1
"2014-02",Lock Nut 2,1
"2014-02",Lock Nut 20,1
"2014-02",Lock Nut 21,1
"2014-02",Lock Nut 22,1
"2014-02",Lock Nut 23,1
"2014-02",Lock Nut 3,1
"2014-02",Lock Nut 4,1
"2014-02",Lock Nut 5,3
"2014-02",Lock Nut 6,3
"2014-02",Lock Nut 7,2
"2014-02",Lock Nut 8,2
"2014-02",Lock Nut 9,2
"2014-02",Lock Ring,1
"2014-02",Lock Washer 1,1
"2014-02",Lock Washer 10,1
"2014-02",Lock Washer 11,1
"2014-02",Lock Washer 12,1
"2014-02",Lock Washer 13,1
"2014-02",Lock Washer 2,1
"2014-02",Lock Washer 3,1
"2014-02",Lock Washer 4,1
"2014-02",Lock Washer 5,1
"2014-02",Lock Washer 6,1
"2014-02",Lock Washer 7,1
"2014-02",Lock Washer 8,1
"2014-02",Lock Washer 9,1
"2014-02","Long-Sleeve Logo Jersey, L",39
"2014-02","Long-Sleeve Logo Jersey, M",34
"2014-02","Long-Sleeve Logo Jersey, S",36
"2014-02","Long-Sleeve Logo Jersey, XL",37
"2014-02",Lower Head Race,3
"2014-02","Men's Bib-Shorts, M",1
"2014-02","Men's Bib-Shorts, S",1
"2014-02",Metal Angle,2
"2014-02",Metal Bar 1,2
"2014-02",Metal Bar 2,2
"2014-02",Metal Plate 1,2
"2014-02",Metal Plate 2,2
"2014-02",Metal Plate 3,1
"2014-02",Metal Sheet 1,1
"2014-02",Metal Sheet 2,1
"2014-02",Metal Sheet 3,1
"2014-02",Metal Sheet 4,1
"2014-02",Metal Sheet 5,1
"2014-02",Metal Sheet 6,1
"2014-02",Metal Sheet 7,1
"2014-02",Metal Tread Plate,1
"2014-02",ML Bottom Bracket,28
"2014-02",ML Crankarm,5
"2014-02",ML Crankset,28
"2014-02",ML Fork,28
"2014-02",ML Grip Tape,7
"2014-02",ML Headset,28
"2014-02","ML Mountain Frame-W - Silver, 38",12
"2014-02","ML Mountain Frame-W - Silver, 40",14
"2014-02","ML Mountain Frame-W - Silver, 42",14
"2014-02","ML Mountain Frame-W - Silver, 46",8
"2014-02",ML Mountain Front Wheel,28
"2014-02",ML Mountain Handlebars,1
"2014-02",ML Mountain Pedal,8
"2014-02",ML Mountain Rear Wheel,28
"2014-02",ML Mountain Rim,8
"2014-02",ML Mountain Seat/Saddle,5
"2014-02",ML Mountain Tire,105
"2014-02","ML Road Frame-W - Yellow, 38",16
"2014-02","ML Road Frame-W - Yellow, 40",20
"2014-02","ML Road Frame-W - Yellow, 42",22
"2014-02","ML Road Frame-W - Yellow, 44",24
"2014-02","ML Road Frame-W - Yellow, 48",22
"2014-02",ML Road Front Wheel,28
"2014-02",ML Road Handlebars,28
"2014-02",ML Road Pedal,4
"2014-02",ML Road Rear Wheel,28
"2014-02",ML Road Rim,7
"2014-02",ML Road Seat Assembly,28
"2014-02",ML Road Seat/Saddle,5
"2014-02",ML Road Tire,60
"2014-02",ML Touring Seat Assembly,21
"2014-02",ML Touring Seat/Saddle,3
"2014-02","Mountain-200 Black, 38",50
"2014-02","Mountain-200 Black, 42",58
"2014-02","Mountain-200 Black, 46",49
"2014-02","Mountain-200 Silver, 38",49
"2014-02","Mountain-200 Silver, 42",49
"2014-02","Mountain-200 Silver, 46",49
"2014-02","Mountain-400-W Silver, 38",26
"2014-02","Mountain-400-W Silver, 40",28
"2014-02","Mountain-400-W Silver, 42",26
"2014-02","Mountain-400-W Silver, 46",18
"2014-02","Mountain-500 Black, 40",10
"2014-02","Mountain-500 Black, 42",8
"2014-02","Mountain-500 Black, 44",6
"2014-02","Mountain-500 Black, 48",11
"2014-02","Mountain-500 Black, 52",13
"2014-02","Mountain-500 Silver, 40",7
"2014-02","Mountain-500 Silver, 42",11
"2014-02","Mountain-500 Silver, 44",8
"2014-02","Mountain-500 Silver, 48",14
"2014-02","Mountain-500 Silver, 52",5
"2014-02",Mountain Bottle Cage,167
"2014-02",Mountain End Caps,28
"2014-02",Mountain Tire Tube,248
"2014-02",Paint - Black,4
"2014-02",Paint - Blue,3
"2014-02",Paint - Red,4
"2014-02",Paint - Silver,3
"2014-02",Paint - Yellow,3
"2014-02",Patch Kit/8 Patches,231
"2014-02",Pinch Bolt,4
"2014-02","Racing Socks, L",20
"2014-02","Racing Socks, M",18
"2014-02",Rear Brakes,4
"2014-02",Rear Derailleur,28
"2014-02",Rear Derailleur Cage,7
"2014-02",Reflector,4
"2014-02","Road-250 Black, 44",17
"2014-02","Road-250 Black, 48",24
"2014-02","Road-250 Black, 52",14
"2014-02","Road-250 Black, 58",18
"2014-02","Road-250 Red, 58",18
"2014-02","Road-350-W Yellow, 40",37
"2014-02","Road-350-W Yellow, 42",39
"2014-02","Road-350-W Yellow, 44",38
"2014-02","Road-350-W Yellow, 48",25
"2014-02","Road-550-W Yellow, 38",31
"2014-02","Road-550-W Yellow, 40",28
"2014-02","Road-550-W Yellow, 42",23
"2014-02","Road-550-W Yellow, 44",27
"2014-02","Road-550-W Yellow, 48",25
"2014-02","Road-650 Red, 60",1
"2014-02","Road-750 Black, 44",40
"2014-02","Road-750 Black, 48",53
"2014-02","Road-750 Black, 52",59
"2014-02","Road-750 Black, 58",40
"2014-02",Road Bottle Cage,140
"2014-02",Road End Caps,28
"2014-02",Road Tire Tube,159
"2014-02",Seat Lug,3
"2014-02",Seat Post,4
"2014-02",Seat Stays,28
"2014-02",Seat Tube,28
"2014-02","Short-Sleeve Classic Jersey, L",25
"2014-02","Short-Sleeve Classic Jersey, M",21
"2014-02","Short-Sleeve Classic Jersey, S",30
"2014-02","Short-Sleeve Classic Jersey, XL",36
"2014-02",Spokes,3
"2014-02","Sport-100 Helmet, Black",154
"2014-02","Sport-100 Helmet, Blue",180
"2014-02","Sport-100 Helmet, Red",182
"2014-02",Steerer,28
"2014-02",Stem,28
"2014-02",Tension Pulley,4
"2014-02",Thin-Jam Hex Nut 1,2
"2014-02",Thin-Jam Hex Nut 10,2
"2014-02",Thin-Jam Hex Nut 11,2
"2014-02",Thin-Jam Hex Nut 12,1
"2014-02",Thin-Jam Hex Nut 13,1
"2014-02",Thin-Jam Hex Nut 14,1
"2014-02",Thin-Jam Hex Nut 15,2
"2014-02",Thin-Jam Hex Nut 16,2
"2014-02",Thin-Jam Hex Nut 2,2
"2014-02",Thin-Jam Hex Nut 3,1
"2014-02",Thin-Jam Hex Nut 4,1
"2014-02",Thin-Jam Hex Nut 5,2
"2014-02",Thin-Jam Hex Nut 6,1
"2014-02",Thin-Jam Hex Nut 7,1
"2014-02",Thin-Jam Hex Nut 8,1
"2014-02",Thin-Jam Hex Nut 9,2
"2014-02",Thin-Jam Lock Nut 1,2
"2014-02",Thin-Jam Lock Nut 10,3
"2014-02",Thin-Jam Lock Nut 11,3
"2014-02",Thin-Jam Lock Nut 12,2
"2014-02",Thin-Jam Lock Nut 13,1
"2014-02",Thin-Jam Lock Nut 14,1
"2014-02",Thin-Jam Lock Nut 15,2
"2014-02",Thin-Jam Lock Nut 16,2
"2014-02",Thin-Jam Lock Nut 2,2
"2014-02",Thin-Jam Lock Nut 3,1
"2014-02",Thin-Jam Lock Nut 4,1
"2014-02",Thin-Jam Lock Nut 5,2
"2014-02",Thin-Jam Lock Nut 6,1
"2014-02",Thin-Jam Lock Nut 7,1
"2014-02",Thin-Jam Lock Nut 8,1
"2014-02",Thin-Jam Lock Nut 9,3
"2014-02",Top Tube,28
"2014-02","Touring-1000 Blue, 46",29
"2014-02","Touring-1000 Blue, 50",21
"2014-02","Touring-1000 Blue, 54",27
"2014-02","Touring-1000 Blue, 60",26
"2014-02","Touring-1000 Yellow, 46",26
"2014-02","Touring-1000 Yellow, 50",32
"2014-02","Touring-1000 Yellow, 54",28
"2014-02","Touring-1000 Yellow, 60",27
"2014-02","Touring-2000 Blue, 46",16
"2014-02","Touring-2000 Blue, 50",16
"2014-02","Touring-2000 Blue, 54",16
"2014-02","Touring-2000 Blue, 60",14
"2014-02","Touring-3000 Blue, 44",5
"2014-02","Touring-3000 Blue, 50",3
"2014-02","Touring-3000 Blue, 54",14
"2014-02","Touring-3000 Blue, 58",12
"2014-02","Touring-3000 Blue, 62",13
"2014-02","Touring-3000 Yellow, 44",13
"2014-02","Touring-3000 Yellow, 50",8
"2014-02","Touring-3000 Yellow, 54",6
"2014-02","Touring-3000 Yellow, 58",12
"2014-02","Touring-3000 Yellow, 62",9
"2014-02",Touring End Caps,28
"2014-02",Touring Front Wheel,28
"2014-02",Touring Pedal,4
"2014-02",Touring Rear Wheel,28
"2014-02",Touring Rim,7
"2014-02",Touring Tire,85
"2014-02",Touring Tire Tube,122
"2014-02",Water Bottle - 30 oz.,348
"2014-02","Women's Mountain Shorts, L",31
"2014-02","Women's Mountain Shorts, M",21
"2014-02","Women's Mountain Shorts, S",25
"2014-03",Adjustable Race,4
"2014-03",All-Purpose Bike Stand,31
"2014-03",AWC Logo Cap,277
"2014-03",BB Ball Bearing,31
"2014-03",Bearing Ball,4
"2014-03",Bike Wash - Dissolver,138
"2014-03",Blade,31
"2014-03",Chain,36
"2014-03",Chainring,7
"2014-03",Chainring Bolts,8
"2014-03",Chainring Nut,8
"2014-03",Chain Stays,31
"2014-03","Classic Vest, L",25
"2014-03","Classic Vest, M",69
"2014-03","Classic Vest, S",103
"2014-03",Cone-Shaped Race,4
"2014-03",Crown Race,4
"2014-03",Cup-Shaped Race,4
"2014-03",Decal 1,4
"2014-03",Decal 2,4
"2014-03",Down Tube,31
"2014-03",External Lock Washer 1,3
"2014-03",External Lock Washer 2,2
"2014-03",External Lock Washer 3,4
"2014-03",External Lock Washer 4,4
"2014-03",External Lock Washer 5,4
"2014-03",External Lock Washer 6,3
"2014-03",External Lock Washer 7,4
"2014-03",External Lock Washer 8,2
"2014-03",External Lock Washer 9,4
"2014-03",Fender Set - Mountain,183
"2014-03",Flat Washer 1,5
"2014-03",Flat Washer 2,4
"2014-03",Flat Washer 3,6
"2014-03",Flat Washer 4,6
"2014-03",Flat Washer 5,6
"2014-03",Flat Washer 6,5
"2014-03",Flat Washer 7,6
"2014-03",Flat Washer 8,6
"2014-03",Flat Washer 9,6
"2014-03",Fork Crown,31
"2014-03",Fork End,31
"2014-03",Freewheel,4
"2014-03",Front Brakes,40
"2014-03",Front Derailleur,68
"2014-03",Front Derailleur Cage,5
"2014-03",Front Derailleur Linkage,5
"2014-03",Guide Pulley,3
"2014-03","Half-Finger Gloves, L",72
"2014-03","Half-Finger Gloves, M",100
"2014-03","Half-Finger Gloves, S",74
"2014-03",Handlebar Tube,31
"2014-03",Headset Ball Bearings,4
"2014-03",Head Tube,31
"2014-03",Hex Nut 1,2
"2014-03",Hex Nut 10,2
"2014-03",Hex Nut 11,2
"2014-03",Hex Nut 12,2
"2014-03",Hex Nut 13,2
"2014-03",Hex Nut 14,2
"2014-03",Hex Nut 15,2
"2014-03",Hex Nut 16,1
"2014-03",Hex Nut 17,1
"2014-03",Hex Nut 18,2
"2014-03",Hex Nut 19,2
"2014-03",Hex Nut 2,2
"2014-03",Hex Nut 20,2
"2014-03",Hex Nut 21,2
"2014-03",Hex Nut 22,2
"2014-03",Hex Nut 23,2
"2014-03",Hex Nut 3,2
"2014-03",Hex Nut 4,2
"2014-03",Hex Nut 5,1
"2014-03",Hex Nut 6,1
"2014-03",Hitch Rack - 4-Bike,100
"2014-03",HL Bottom Bracket,56
"2014-03",HL Crankarm,12
"2014-03",HL Crankset,60
"2014-03",HL Fork,31
"2014-03",HL Grip Tape,4
"2014-03",HL Headset,31
"2014-03",HL Hub,31
"2014-03","HL Mountain Frame - Black, 38",41
"2014-03","HL Mountain Frame - Black, 42",54
"2014-03","HL Mountain Frame - Black, 46",22
"2014-03","HL Mountain Frame - Silver, 38",59
"2014-03","HL Mountain Frame - Silver, 42",29
"2014-03","HL Mountain Frame - Silver, 46",34
"2014-03",HL Mountain Handlebars,51
"2014-03",HL Mountain Pedal,39
"2014-03",HL Mountain Rim,4
"2014-03",HL Mountain Seat Assembly,31
"2014-03",HL Mountain Seat/Saddle,41
"2014-03",HL Mountain Tire,123
"2014-03",HL Nipple,8
"2014-03","HL Road Frame - Black, 44",25
"2014-03","HL Road Frame - Black, 48",10
"2014-03","HL Road Frame - Black, 52",5
"2014-03","HL Road Frame - Black, 58",6
"2014-03","HL Road Frame - Red, 44",13
"2014-03","HL Road Frame - Red, 58",9
"2014-03","HL Road Frame - Red, 62",14
"2014-03",HL Road Front Wheel,25
"2014-03",HL Road Handlebars,52
"2014-03",HL Road Pedal,54
"2014-03",HL Road Rear Wheel,25
"2014-03",HL Road Rim,5
"2014-03",HL Road Seat Assembly,25
"2014-03",HL Road Seat/Saddle,11
"2014-03",HL Road Tire,81
"2014-03",HL Shell,3
"2014-03",HL Spindle/Axle,7
"2014-03","HL Touring Frame - Blue, 46",33
"2014-03","HL Touring Frame - Blue, 50",34
"2014-03","HL Touring Frame - Blue, 54",41
"2014-03","HL Touring Frame - Blue, 60",39
"2014-03","HL Touring Frame - Yellow, 46",25
"2014-03","HL Touring Frame - Yellow, 50",18
"2014-03","HL Touring Frame - Yellow, 54",40
"2014-03","HL Touring Frame - Yellow, 60",40
"2014-03",HL Touring Handlebars,44
"2014-03",HL Touring Seat Assembly,31
"2014-03",HL Touring Seat/Saddle,30
"2014-03",Hydration Pack - 70 oz.,101
"2014-03",Internal Lock Washer 1,1
"2014-03",Internal Lock Washer 10,1
"2014-03",Internal Lock Washer 2,1
"2014-03",Internal Lock Washer 3,2
"2014-03",Internal Lock Washer 4,2
"2014-03",Internal Lock Washer 5,1
"2014-03",Internal Lock Washer 6,1
"2014-03",Internal Lock Washer 7,1
"2014-03",Internal Lock Washer 8,1
"2014-03",Internal Lock Washer 9,1
"2014-03",Keyed Washer,4
"2014-03",LL Bottom Bracket,59
"2014-03",LL Crankarm,8
"2014-03",LL Crankset,58
"2014-03",LL Fork,31
"2014-03",LL Grip Tape,7
"2014-03",LL Headset,31
"2014-03",LL Hub,31
"2014-03","LL Mountain Frame - Black, 40",5
"2014-03","LL Mountain Frame - Black, 42",26
"2014-03","LL Mountain Frame - Black, 44",42
"2014-03","LL Mountain Frame - Black, 48",41
"2014-03","LL Mountain Frame - Black, 52",6
"2014-03","LL Mountain Frame - Silver, 40",29
"2014-03","LL Mountain Frame - Silver, 42",44
"2014-03","LL Mountain Frame - Silver, 44",39
"2014-03","LL Mountain Frame - Silver, 48",3
"2014-03","LL Mountain Frame - Silver, 52",24
"2014-03",LL Mountain Front Wheel,28
"2014-03",LL Mountain Handlebars,64
"2014-03",LL Mountain Pedal,42
"2014-03",LL Mountain Rear Wheel,28
"2014-03",LL Mountain Rim,8
"2014-03",LL Mountain Seat Assembly,28
"2014-03",LL Mountain Seat/Saddle,33
"2014-03",LL Mountain Tire,94
"2014-03",LL Nipple,8
"2014-03","LL Road Frame - Black, 44",22
"2014-03","LL Road Frame - Black, 48",25
"2014-03","LL Road Frame - Black, 52",56
"2014-03","LL Road Frame - Black, 58",39
"2014-03","LL Road Frame - Red, 48",1
"2014-03","LL Road Frame - Red, 60",1
"2014-03","LL Road Frame - Red, 62",1
"2014-03",LL Road Front Wheel,31
"2014-03",LL Road Handlebars,31
"2014-03",LL Road Pedal,64
"2014-03",LL Road Rear Wheel,31
"2014-03",LL Road Rim,6
"2014-03",LL Road Seat Assembly,31
"2014-03",LL Road Seat/Saddle,5
"2014-03",LL Road Tire,116
"2014-03",LL Shell,3
"2014-03",LL Spindle/Axle,8
"2014-03","LL Touring Frame - Blue, 44",3
"2014-03","LL Touring Frame - Blue, 50",25
"2014-03","LL Touring Frame - Blue, 54",25
"2014-03","LL Touring Frame - Blue, 58",8
"2014-03","LL Touring Frame - Blue, 62",9
"2014-03","LL Touring Frame - Yellow, 44",24
"2014-03","LL Touring Frame - Yellow, 50",26
"2014-03","LL Touring Frame - Yellow, 54",5
"2014-03","LL Touring Frame - Yellow, 58",9
"2014-03","LL Touring Frame - Yellow, 62",27
"2014-03",LL Touring Handlebars,26
"2014-03",LL Touring Seat Assembly,26
"2014-03",LL Touring Seat/Saddle,2
"2014-03",Lock Nut 1,2
"2014-03",Lock Nut 10,2
"2014-03",Lock Nut 11,2
"2014-03",Lock Nut 12,2
"2014-03",Lock Nut 13,2
"2014-03",Lock Nut 14,1
"2014-03",Lock Nut 15,1
"2014-03",Lock Nut 16,1
"2014-03",Lock Nut 17,1
"2014-03",Lock Nut 18,1
"2014-03",Lock Nut 19,1
"2014-03",Lock Nut 2,1
"2014-03",Lock Nut 20,1
"2014-03",Lock Nut 21,1
"2014-03",Lock Nut 22,2
"2014-03",Lock Nut 23,2
"2014-03",Lock Nut 3,1
"2014-03",Lock Nut 4,1
"2014-03",Lock Nut 7,1
"2014-03",Lock Nut 8,1
"2014-03",Lock Nut 9,1
"2014-03",Lock Washer 1,1
"2014-03",Lock Washer 10,2
"2014-03",Lock Washer 11,1
"2014-03",Lock Washer 12,1
"2014-03",Lock Washer 13,2
"2014-03",Lock Washer 2,1
"2014-03",Lock Washer 3,1
"2014-03",Lock Washer 4,2
"2014-03",Lock Washer 5,2
"2014-03",Lock Washer 6,2
"2014-03",Lock Washer 7,1
"2014-03",Lock Washer 8,1
"2014-03",Lock Washer 9,1
"2014-03","Long-Sleeve Logo Jersey, L",119
"2014-03","Long-Sleeve Logo Jersey, M",95
"2014-03","Long-Sleeve Logo Jersey, S",38
"2014-03","Long-Sleeve Logo Jersey, XL",69
"2014-03",Lower Head Race,4
"2014-03",Metal Angle,1
"2014-03",Metal Bar 1,1
"2014-03",Metal Bar 2,1
"2014-03",Metal Plate 1,1
"2014-03",Metal Plate 2,1
"2014-03",Metal Plate 3,1
"2014-03",Metal Sheet 1,1
"2014-03",Metal Sheet 2,1
"2014-03",Metal Sheet 3,1
"2014-03",Metal Sheet 4,1
"2014-03",Metal Sheet 5,1
"2014-03",Metal Sheet 6,1
"2014-03",Metal Sheet 7,1
"2014-03",Metal Tread Plate,1
"2014-03",ML Bottom Bracket,31
"2014-03",ML Crankarm,8
"2014-03",ML Crankset,31
"2014-03",ML Fork,31
"2014-03",ML Grip Tape,7
"2014-03",ML Headset,31
"2014-03","ML Mountain Frame-W - Silver, 38",12
"2014-03","ML Mountain Frame-W - Silver, 40",50
"2014-03","ML Mountain Frame-W - Silver, 42",46
"2014-03","ML Mountain Frame-W - Silver, 46",32
"2014-03",ML Mountain Front Wheel,31
"2014-03",ML Mountain Handlebars,35
"2014-03",ML Mountain Pedal,36
"2014-03",ML Mountain Rear Wheel,31
"2014-03",ML Mountain Rim,8
"2014-03",ML Mountain Seat/Saddle,20
"2014-03",ML Mountain Tire,107
"2014-03","ML Road Frame-W - Yellow, 38",52
"2014-03","ML Road Frame-W - Yellow, 40",28
"2014-03","ML Road Frame-W - Yellow, 42",27
"2014-03","ML Road Frame-W - Yellow, 44",60
"2014-03","ML Road Frame-W - Yellow, 48",62
"2014-03",ML Road Front Wheel,31
"2014-03",ML Road Handlebars,31
"2014-03",ML Road Pedal,57
"2014-03",ML Road Rear Wheel,31
"2014-03",ML Road Rim,6
"2014-03",ML Road Seat Assembly,31
"2014-03",ML Road Seat/Saddle,5
"2014-03",ML Road Tire,96
"2014-03",ML Touring Seat Assembly,21
"2014-03",ML Touring Seat/Saddle,5
"2014-03","Mountain-200 Black, 38",114
"2014-03","Mountain-200 Black, 42",95
"2014-03","Mountain-200 Black, 46",86
"2014-03","Mountain-200 Silver, 38",100
"2014-03","Mountain-200 Silver, 42",86
"2014-03","Mountain-200 Silver, 46",79
"2014-03","Mountain-400-W Silver, 38",41
"2014-03","Mountain-400-W Silver, 40",57
"2014-03","Mountain-400-W Silver, 42",32
"2014-03","Mountain-400-W Silver, 46",53
"2014-03","Mountain-500 Black, 40",24
"2014-03","Mountain-500 Black, 42",30
"2014-03","Mountain-500 Black, 44",31
"2014-03","Mountain-500 Black, 48",40
"2014-03","Mountain-500 Black, 52",27
"2014-03","Mountain-500 Silver, 40",34
"2014-03","Mountain-500 Silver, 42",40
"2014-03","Mountain-500 Silver, 44",32
"2014-03","Mountain-500 Silver, 48",34
"2014-03","Mountain-500 Silver, 52",37
"2014-03",Mountain Bottle Cage,183
"2014-03",Mountain End Caps,31
"2014-03",Mountain Tire Tube,283
"2014-03",Paint - Black,5
"2014-03",Paint - Blue,6
"2014-03",Paint - Red,5
"2014-03",Paint - Silver,6
"2014-03",Paint - Yellow,6
"2014-03",Patch Kit/8 Patches,344
"2014-03",Pinch Bolt,4
"2014-03","Racing Socks, L",79
"2014-03","Racing Socks, M",62
"2014-03",Rear Brakes,10
"2014-03",Rear Derailleur,58
"2014-03",Rear Derailleur Cage,6
"2014-03",Reflector,4
"2014-03","Road-250 Black, 44",59
"2014-03","Road-250 Black, 48",58
"2014-03","Road-250 Black, 52",41
"2014-03","Road-250 Black, 58",34
"2014-03","Road-250 Red, 58",38
"2014-03","Road-350-W Yellow, 40",107
"2014-03","Road-350-W Yellow, 42",91
"2014-03","Road-350-W Yellow, 44",57
"2014-03","Road-350-W Yellow, 48",120
"2014-03","Road-550-W Yellow, 38",71
"2014-03","Road-550-W Yellow, 40",80
"2014-03","Road-550-W Yellow, 42",74
"2014-03","Road-550-W Yellow, 44",57
"2014-03","Road-550-W Yellow, 48",79
"2014-03","Road-650 Black, 58",1
"2014-03","Road-650 Red, 44",1
"2014-03","Road-650 Red, 48",1
"2014-03","Road-650 Red, 60",2
"2014-03","Road-650 Red, 62",1
"2014-03","Road-750 Black, 44",74
"2014-03","Road-750 Black, 48",127
"2014-03","Road-750 Black, 52",123
"2014-03","Road-750 Black, 58",88
"2014-03",Road Bottle Cage,194
"2014-03",Road End Caps,31
"2014-03",Road Tire Tube,213
"2014-03",Seat Lug,4
"2014-03",Seat Post,4
"2014-03",Seat Stays,31
"2014-03",Seat Tube,31
"2014-03","Short-Sleeve Classic Jersey, L",108
"2014-03","Short-Sleeve Classic Jersey, M",30
"2014-03","Short-Sleeve Classic Jersey, S",94
"2014-03","Short-Sleeve Classic Jersey, XL",120
"2014-03",Spokes,4
"2014-03","Sport-100 Helmet, Black",269
"2014-03","Sport-100 Helmet, Blue",259
"2014-03","Sport-100 Helmet, Red",265
"2014-03",Steerer,31
"2014-03",Stem,31
"2014-03",Tension Pulley,2
"2014-03",Thin-Jam Hex Nut 1,2
"2014-03",Thin-Jam Hex Nut 10,2
"2014-03",Thin-Jam Hex Nut 11,1
"2014-03",Thin-Jam Hex Nut 12,1
"2014-03",Thin-Jam Hex Nut 13,2
"2014-03",Thin-Jam Hex Nut 14,1
"2014-03",Thin-Jam Hex Nut 15,2
"2014-03",Thin-Jam Hex Nut 16,1
"2014-03",Thin-Jam Hex Nut 2,2
"2014-03",Thin-Jam Hex Nut 3,2
"2014-03",Thin-Jam Hex Nut 4,2
"2014-03",Thin-Jam Hex Nut 5,1
"2014-03",Thin-Jam Hex Nut 6,2
"2014-03",Thin-Jam Hex Nut 7,1
"2014-03",Thin-Jam Hex Nut 8,1
"2014-03",Thin-Jam Hex Nut 9,2
"2014-03",Thin-Jam Lock Nut 1,3
"2014-03",Thin-Jam Lock Nut 10,2
"2014-03",Thin-Jam Lock Nut 11,2
"2014-03",Thin-Jam Lock Nut 12,2
"2014-03",Thin-Jam Lock Nut 13,2
"2014-03",Thin-Jam Lock Nut 14,3
"2014-03",Thin-Jam Lock Nut 15,3
"2014-03",Thin-Jam Lock Nut 16,1
"2014-03",Thin-Jam Lock Nut 2,3
"2014-03",Thin-Jam Lock Nut 3,2
"2014-03",Thin-Jam Lock Nut 4,2
"2014-03",Thin-Jam Lock Nut 5,1
"2014-03",Thin-Jam Lock Nut 6,2
"2014-03",Thin-Jam Lock Nut 7,3
"2014-03",Thin-Jam Lock Nut 8,3
"2014-03",Thin-Jam Lock Nut 9,2
"2014-03",Top Tube,31
"2014-03","Touring-1000 Blue, 46",72
"2014-03","Touring-1000 Blue, 50",63
"2014-03","Touring-1000 Blue, 54",42
"2014-03","Touring-1000 Blue, 60",74
"2014-03","Touring-1000 Yellow, 46",68
"2014-03","Touring-1000 Yellow, 50",48
"2014-03","Touring-1000 Yellow, 54",47
"2014-03","Touring-1000 Yellow, 60",72
"2014-03","Touring-2000 Blue, 46",48
"2014-03","Touring-2000 Blue, 50",32
"2014-03","Touring-2000 Blue, 54",52
"2014-03","Touring-2000 Blue, 60",52
"2014-03","Touring-3000 Blue, 44",18
"2014-03","Touring-3000 Blue, 50",37
"2014-03","Touring-3000 Blue, 54",44
"2014-03","Touring-3000 Blue, 58",38
"2014-03","Touring-3000 Blue, 62",26
"2014-03","Touring-3000 Yellow, 44",40
"2014-03","Touring-3000 Yellow, 50",46
"2014-03","Touring-3000 Yellow, 54",30
"2014-03","Touring-3000 Yellow, 58",27
"2014-03","Touring-3000 Yellow, 62",47
"2014-03",Touring End Caps,31
"2014-03",Touring Front Wheel,31
"2014-03",Touring Pedal,5
"2014-03",Touring Rear Wheel,31
"2014-03",Touring Rim,8
"2014-03",Touring Tire,108
"2014-03",Touring Tire Tube,157
"2014-03",Water Bottle - 30 oz.,488
"2014-03","Women's Mountain Shorts, L",87
"2014-03","Women's Mountain Shorts, M",89
"2014-03","Women's Mountain Shorts, S",80
"2014-03","Women's Tights, L",1
"2014-04",Adjustable Race,4
"2014-04",All-Purpose Bike Stand,23
"2014-04",AWC Logo Cap,193
"2014-04",BB Ball Bearing,30
"2014-04",Bearing Ball,4
"2014-04",Bike Wash - Dissolver,88
"2014-04",Blade,30
"2014-04",Chain,4
"2014-04",Chainring,12
"2014-04",Chainring Bolts,11
"2014-04",Chainring Nut,11
"2014-04",Chain Stays,30
"2014-04","Classic Vest, L",13
"2014-04","Classic Vest, M",18
"2014-04","Classic Vest, S",24
"2014-04",Cone-Shaped Race,4
"2014-04",Crown Race,4
"2014-04",Cup-Shaped Race,4
"2014-04",Decal 1,4
"2014-04",Decal 2,4
"2014-04",Down Tube,30
"2014-04",External Lock Washer 1,3
"2014-04",External Lock Washer 2,1
"2014-04",External Lock Washer 3,3
"2014-04",External Lock Washer 4,3
"2014-04",External Lock Washer 5,3
"2014-04",External Lock Washer 6,3
"2014-04",External Lock Washer 7,3
"2014-04",External Lock Washer 8,1
"2014-04",External Lock Washer 9,3
"2014-04",Fender Set - Mountain,217
"2014-04",Flat Washer 1,5
"2014-04",Flat Washer 2,6
"2014-04",Flat Washer 3,5
"2014-04",Flat Washer 4,5
"2014-04",Flat Washer 5,3
"2014-04",Flat Washer 6,5
"2014-04",Flat Washer 7,3
"2014-04",Flat Washer 8,5
"2014-04",Flat Washer 9,5
"2014-04",Fork Crown,30
"2014-04",Fork End,30
"2014-04",Freewheel,4
"2014-04",Front Brakes,4
"2014-04",Front Derailleur,31
"2014-04",Front Derailleur Cage,7
"2014-04",Front Derailleur Linkage,7
"2014-04","Full-Finger Gloves, L",1
"2014-04","Full-Finger Gloves, M",1
"2014-04","Full-Finger Gloves, S",1
"2014-04",Guide Pulley,3
"2014-04","Half-Finger Gloves, L",51
"2014-04","Half-Finger Gloves, M",54
"2014-04","Half-Finger Gloves, S",42
"2014-04",Handlebar Tube,30
"2014-04",Headset Ball Bearings,4
"2014-04",Head Tube,30
"2014-04",Hex Nut 1,2
"2014-04",Hex Nut 10,2
"2014-04",Hex Nut 11,2
"2014-04",Hex Nut 12,2
"2014-04",Hex Nut 13,2
"2014-04",Hex Nut 14,2
"2014-04",Hex Nut 15,2
"2014-04",Hex Nut 16,3
"2014-04",Hex Nut 17,3
"2014-04",Hex Nut 18,2
"2014-04",Hex Nut 19,2
"2014-04",Hex Nut 2,2
"2014-04",Hex Nut 20,2
"2014-04",Hex Nut 21,2
"2014-04",Hex Nut 22,2
"2014-04",Hex Nut 23,2
"2014-04",Hex Nut 3,2
"2014-04",Hex Nut 4,2
"2014-04",Hex Nut 5,5
"2014-04",Hex Nut 6,5
"2014-04",Hex Nut 7,4
"2014-04",Hex Nut 8,4
"2014-04",Hex Nut 9,4
"2014-04",Hitch Rack - 4-Bike,45
"2014-04",HL Bottom Bracket,31
"2014-04",HL Crankarm,8
"2014-04",HL Crankset,30
"2014-04",HL Fork,30
"2014-04",HL Grip Tape,4
"2014-04",HL Headset,29
"2014-04",HL Hub,30
"2014-04","HL Mountain Frame - Black, 38",24
"2014-04","HL Mountain Frame - Black, 42",25
"2014-04","HL Mountain Frame - Black, 46",22
"2014-04","HL Mountain Frame - Silver, 38",27
"2014-04","HL Mountain Frame - Silver, 42",27
"2014-04","HL Mountain Frame - Silver, 46",28
"2014-04",HL Mountain Handlebars,31
"2014-04",HL Mountain Pedal,5
"2014-04",HL Mountain Rim,3
"2014-04",HL Mountain Seat Assembly,30
"2014-04",HL Mountain Seat/Saddle,7
"2014-04",HL Mountain Tire,164
"2014-04",HL Nipple,9
"2014-04","HL Road Frame - Black, 44",10
"2014-04","HL Road Frame - Black, 48",8
"2014-04","HL Road Frame - Black, 52",12
"2014-04","HL Road Frame - Black, 58",10
"2014-04","HL Road Frame - Red, 44",1
"2014-04","HL Road Frame - Red, 58",6
"2014-04","HL Road Frame - Red, 62",1
"2014-04",HL Road Front Wheel,20
"2014-04",HL Road Handlebars,21
"2014-04",HL Road Pedal,3
"2014-04",HL Road Rear Wheel,20
"2014-04",HL Road Rim,9
"2014-04",HL Road Seat Assembly,20
"2014-04",HL Road Seat/Saddle,5
"2014-04",HL Road Tire,72
"2014-04",HL Shell,5
"2014-04",HL Spindle/Axle,9
"2014-04","HL Touring Frame - Blue, 46",16
"2014-04","HL Touring Frame - Blue, 50",18
"2014-04","HL Touring Frame - Blue, 54",19
"2014-04","HL Touring Frame - Blue, 60",19
"2014-04","HL Touring Frame - Yellow, 46",14
"2014-04","HL Touring Frame - Yellow, 50",11
"2014-04","HL Touring Frame - Yellow, 54",18
"2014-04","HL Touring Frame - Yellow, 60",16
"2014-04",HL Touring Handlebars,31
"2014-04",HL Touring Seat Assembly,29
"2014-04",HL Touring Seat/Saddle,4
"2014-04",Hydration Pack - 70 oz.,75
"2014-04",Internal Lock Washer 1,2
"2014-04",Internal Lock Washer 10,2
"2014-04",Internal Lock Washer 2,2
"2014-04",Internal Lock Washer 3,1
"2014-04",Internal Lock Washer 4,1
"2014-04",Internal Lock Washer 5,2
"2014-04",Internal Lock Washer 6,2
"2014-04",Internal Lock Washer 7,2
"2014-04",Internal Lock Washer 8,2
"2014-04",Internal Lock Washer 9,2
"2014-04",Keyed Washer,4
"2014-04",LL Bottom Bracket,31
"2014-04",LL Crankarm,5
"2014-04",LL Crankset,31
"2014-04",LL Fork,30
"2014-04",LL Grip Tape,9
"2014-04",LL Headset,30
"2014-04",LL Hub,30
"2014-04","LL Mountain Frame - Black, 40",4
"2014-04","LL Mountain Frame - Black, 42",5
"2014-04","LL Mountain Frame - Black, 44",8
"2014-04","LL Mountain Frame - Black, 48",14
"2014-04","LL Mountain Frame - Black, 52",4
"2014-04","LL Mountain Frame - Silver, 40",9
"2014-04","LL Mountain Frame - Silver, 42",5
"2014-04","LL Mountain Frame - Silver, 44",5
"2014-04","LL Mountain Frame - Silver, 48",7
"2014-04","LL Mountain Frame - Silver, 52",7
"2014-04",LL Mountain Front Wheel,30
"2014-04",LL Mountain Handlebars,31
"2014-04",LL Mountain Pedal,9
"2014-04",LL Mountain Rear Wheel,30
"2014-04",LL Mountain Rim,8
"2014-04",LL Mountain Seat Assembly,30
"2014-04",LL Mountain Seat/Saddle,6
"2014-04",LL Mountain Tire,68
"2014-04",LL Nipple,9
"2014-04","LL Road Frame - Black, 44",22
"2014-04","LL Road Frame - Black, 48",22
"2014-04","LL Road Frame - Black, 52",26
"2014-04","LL Road Frame - Black, 58",23
"2014-04","LL Road Frame - Red, 44",1
"2014-04","LL Road Frame - Red, 48",1
"2014-04","LL Road Frame - Red, 60",1
"2014-04","LL Road Frame - Red, 62",2
"2014-04",LL Road Front Wheel,30
"2014-04",LL Road Handlebars,30
"2014-04",LL Road Pedal,8
"2014-04",LL Road Rear Wheel,30
"2014-04",LL Road Rim,9
"2014-04",LL Road Seat Assembly,30
"2014-04",LL Road Seat/Saddle,7
"2014-04",LL Road Tire,99
"2014-04",LL Shell,5
"2014-04",LL Spindle/Axle,9
"2014-04","LL Touring Frame - Blue, 44",6
"2014-04","LL Touring Frame - Blue, 50",4
"2014-04","LL Touring Frame - Blue, 54",5
"2014-04","LL Touring Frame - Blue, 58",7
"2014-04","LL Touring Frame - Blue, 62",8
"2014-04","LL Touring Frame - Yellow, 44",4
"2014-04","LL Touring Frame - Yellow, 50",9
"2014-04","LL Touring Frame - Yellow, 54",10
"2014-04","LL Touring Frame - Yellow, 58",3
"2014-04","LL Touring Frame - Yellow, 62",6
"2014-04",LL Touring Handlebars,24
"2014-04",LL Touring Seat Assembly,24
"2014-04",LL Touring Seat/Saddle,4
"2014-04",Lock Nut 1,1
"2014-04",Lock Nut 10,1
"2014-04",Lock Nut 11,1
"2014-04",Lock Nut 12,2
"2014-04",Lock Nut 13,1
"2014-04",Lock Nut 14,2
"2014-04",Lock Nut 15,2
"2014-04",Lock Nut 16,2
"2014-04",Lock Nut 17,2
"2014-04",Lock Nut 18,2
"2014-04",Lock Nut 19,2
"2014-04",Lock Nut 2,2
"2014-04",Lock Nut 20,2
"2014-04",Lock Nut 21,2
"2014-04",Lock Nut 22,2
"2014-04",Lock Nut 23,2
"2014-04",Lock Nut 3,2
"2014-04",Lock Nut 4,2
"2014-04",Lock Nut 5,2
"2014-04",Lock Nut 6,2
"2014-04",Lock Nut 7,2
"2014-04",Lock Nut 8,2
"2014-04",Lock Nut 9,2
"2014-04",Lock Ring,1
"2014-04",Lock Washer 1,2
"2014-04",Lock Washer 10,1
"2014-04",Lock Washer 11,1
"2014-04",Lock Washer 12,2
"2014-04",Lock Washer 13,1
"2014-04",Lock Washer 2,2
"2014-04",Lock Washer 3,1
"2014-04",Lock Washer 4,1
"2014-04",Lock Washer 5,1
"2014-04",Lock Washer 6,1
"2014-04",Lock Washer 7,2
"2014-04",Lock Washer 8,2
"2014-04",Lock Washer 9,1
"2014-04","Long-Sleeve Logo Jersey, L",34
"2014-04","Long-Sleeve Logo Jersey, M",46
"2014-04","Long-Sleeve Logo Jersey, S",45
"2014-04","Long-Sleeve Logo Jersey, XL",31
"2014-04",Lower Head Race,5
"2014-04","Men's Bib-Shorts, M",1
"2014-04",Metal Angle,1
"2014-04",Metal Bar 1,1
"2014-04",Metal Bar 2,1
"2014-04",Metal Plate 1,1
"2014-04",Metal Plate 2,1
"2014-04",Metal Plate 3,2
"2014-04",Metal Sheet 1,2
"2014-04",Metal Sheet 2,2
"2014-04",Metal Sheet 3,2
"2014-04",Metal Sheet 4,2
"2014-04",Metal Sheet 5,2
"2014-04",Metal Sheet 6,2
"2014-04",Metal Sheet 7,2
"2014-04",Metal Tread Plate,2
"2014-04",ML Bottom Bracket,30
"2014-04",ML Crankarm,5
"2014-04",ML Crankset,30
"2014-04",ML Fork,30
"2014-04",ML Grip Tape,9
"2014-04",ML Headset,30
"2014-04","ML Mountain Frame-W - Silver, 38",15
"2014-04","ML Mountain Frame-W - Silver, 40",11
"2014-04","ML Mountain Frame-W - Silver, 42",15
"2014-04","ML Mountain Frame-W - Silver, 46",16
"2014-04",ML Mountain Front Wheel,30
"2014-04",ML Mountain Handlebars,1
"2014-04",ML Mountain Pedal,9
"2014-04",ML Mountain Rear Wheel,30
"2014-04",ML Mountain Rim,8
"2014-04",ML Mountain Seat/Saddle,6
"2014-04",ML Mountain Tire,98
"2014-04","ML Road Frame-W - Yellow, 38",21
"2014-04","ML Road Frame-W - Yellow, 40",27
"2014-04","ML Road Frame-W - Yellow, 42",27
"2014-04","ML Road Frame-W - Yellow, 44",30
"2014-04","ML Road Frame-W - Yellow, 48",28
"2014-04",ML Road Front Wheel,30
"2014-04",ML Road Handlebars,30
"2014-04",ML Road Pedal,8
"2014-04",ML Road Rear Wheel,30
"2014-04",ML Road Rim,9
"2014-04",ML Road Seat Assembly,30
"2014-04",ML Road Seat/Saddle,7
"2014-04",ML Road Tire,92
"2014-04",ML Touring Seat Assembly,21
"2014-04",ML Touring Seat/Saddle,4
"2014-04","Mountain-200 Black, 38",75
"2014-04","Mountain-200 Black, 42",66
"2014-04","Mountain-200 Black, 46",72
"2014-04","Mountain-200 Silver, 38",73
"2014-04","Mountain-200 Silver, 42",70
"2014-04","Mountain-200 Silver, 46",82
"2014-04","Mountain-400-W Silver, 38",33
"2014-04","Mountain-400-W Silver, 40",19
"2014-04","Mountain-400-W Silver, 42",30
"2014-04","Mountain-400-W Silver, 46",33
"2014-04","Mountain-500 Black, 40",8
"2014-04","Mountain-500 Black, 42",7
"2014-04","Mountain-500 Black, 44",15
"2014-04","Mountain-500 Black, 48",24
"2014-04","Mountain-500 Black, 52",6
"2014-04","Mountain-500 Silver, 40",15
"2014-04","Mountain-500 Silver, 42",7
"2014-04","Mountain-500 Silver, 44",8
"2014-04","Mountain-500 Silver, 48",13
"2014-04","Mountain-500 Silver, 52",11
"2014-04",Mountain Bottle Cage,185
"2014-04",Mountain End Caps,30
"2014-04",Mountain Tire Tube,268
"2014-04",Paint - Black,5
"2014-04",Paint - Blue,5
"2014-04",Paint - Red,5
"2014-04",Paint - Silver,5
"2014-04",Paint - Yellow,5
"2014-04",Patch Kit/8 Patches,285
"2014-04",Pinch Bolt,4
"2014-04","Racing Socks, L",25
"2014-04","Racing Socks, M",25
"2014-04",Rear Brakes,4
"2014-04",Rear Derailleur,31
"2014-04",Rear Derailleur Cage,7
"2014-04",Reflector,4
"2014-04","Road-250 Black, 44",18
"2014-04","Road-250 Black, 48",15
"2014-04","Road-250 Black, 52",22
"2014-04","Road-250 Black, 58",23
"2014-04","Road-250 Red, 58",10
"2014-04","Road-350-W Yellow, 40",41
"2014-04","Road-350-W Yellow, 42",34
"2014-04","Road-350-W Yellow, 44",55
"2014-04","Road-350-W Yellow, 48",53
"2014-04","Road-550-W Yellow, 38",47
"2014-04","Road-550-W Yellow, 40",46
"2014-04","Road-550-W Yellow, 42",51
"2014-04","Road-550-W Yellow, 44",47
"2014-04","Road-550-W Yellow, 48",47
"2014-04","Road-650 Black, 58",1
"2014-04","Road-650 Red, 44",1
"2014-04","Road-650 Red, 48",1
"2014-04","Road-650 Red, 60",1
"2014-04","Road-650 Red, 62",1
"2014-04","Road-750 Black, 44",64
"2014-04","Road-750 Black, 48",61
"2014-04","Road-750 Black, 52",68
"2014-04","Road-750 Black, 58",51
"2014-04",Road Bottle Cage,163
"2014-04",Road End Caps,30
"2014-04",Road Tire Tube,210
"2014-04",Seat Lug,4
"2014-04",Seat Post,4
"2014-04",Seat Stays,30
"2014-04",Seat Tube,30
"2014-04","Short-Sleeve Classic Jersey, L",35
"2014-04","Short-Sleeve Classic Jersey, M",36
"2014-04","Short-Sleeve Classic Jersey, S",33
"2014-04","Short-Sleeve Classic Jersey, XL",36
"2014-04",Spokes,5
"2014-04","Sport-100 Helmet, Black",191
"2014-04","Sport-100 Helmet, Blue",221
"2014-04","Sport-100 Helmet, Red",241
"2014-04",Steerer,30
"2014-04",Stem,30
"2014-04",Tension Pulley,4
"2014-04",Thin-Jam Hex Nut 1,1
"2014-04",Thin-Jam Hex Nut 10,2
"2014-04",Thin-Jam Hex Nut 11,2
"2014-04",Thin-Jam Hex Nut 12,2
"2014-04",Thin-Jam Hex Nut 13,2
"2014-04",Thin-Jam Hex Nut 14,2
"2014-04",Thin-Jam Hex Nut 15,1
"2014-04",Thin-Jam Hex Nut 16,2
"2014-04",Thin-Jam Hex Nut 2,1
"2014-04",Thin-Jam Hex Nut 3,2
"2014-04",Thin-Jam Hex Nut 4,2
"2014-04",Thin-Jam Hex Nut 5,2
"2014-04",Thin-Jam Hex Nut 6,2
"2014-04",Thin-Jam Hex Nut 7,2
"2014-04",Thin-Jam Hex Nut 8,2
"2014-04",Thin-Jam Hex Nut 9,2
"2014-04",Thin-Jam Lock Nut 1,1
"2014-04",Thin-Jam Lock Nut 10,2
"2014-04",Thin-Jam Lock Nut 11,4
"2014-04",Thin-Jam Lock Nut 12,4
"2014-04",Thin-Jam Lock Nut 13,3
"2014-04",Thin-Jam Lock Nut 14,3
"2014-04",Thin-Jam Lock Nut 15,1
"2014-04",Thin-Jam Lock Nut 16,3
"2014-04",Thin-Jam Lock Nut 2,1
"2014-04",Thin-Jam Lock Nut 3,3
"2014-04",Thin-Jam Lock Nut 4,3
"2014-04",Thin-Jam Lock Nut 5,3
"2014-04",Thin-Jam Lock Nut 6,3
"2014-04",Thin-Jam Lock Nut 7,3
"2014-04",Thin-Jam Lock Nut 8,3
"2014-04",Thin-Jam Lock Nut 9,2
"2014-04",Top Tube,30
"2014-04","Touring-1000 Blue, 46",34
"2014-04","Touring-1000 Blue, 50",23
"2014-04","Touring-1000 Blue, 54",32
"2014-04","Touring-1000 Blue, 60",29
"2014-04","Touring-1000 Yellow, 46",35
"2014-04","Touring-1000 Yellow, 50",22
"2014-04","Touring-1000 Yellow, 54",35
"2014-04","Touring-1000 Yellow, 60",34
"2014-04","Touring-2000 Blue, 46",11
"2014-04","Touring-2000 Blue, 50",23
"2014-04","Touring-2000 Blue, 54",23
"2014-04","Touring-2000 Blue, 60",18
"2014-04","Touring-3000 Blue, 44",13
"2014-04","Touring-3000 Blue, 50",5
"2014-04","Touring-3000 Blue, 54",7
"2014-04","Touring-3000 Blue, 58",13
"2014-04","Touring-3000 Blue, 62",18
"2014-04","Touring-3000 Yellow, 44",8
"2014-04","Touring-3000 Yellow, 50",18
"2014-04","Touring-3000 Yellow, 54",20
"2014-04","Touring-3000 Yellow, 58",6
"2014-04","Touring-3000 Yellow, 62",10
"2014-04",Touring End Caps,30
"2014-04",Touring Front Wheel,30
"2014-04",Touring Pedal,4
"2014-04",Touring Rear Wheel,30
"2014-04",Touring Rim,8
"2014-04",Touring Tire,98
"2014-04",Touring Tire Tube,151
"2014-04",Water Bottle - 30 oz.,386
"2014-04","Women's Mountain Shorts, L",26
"2014-04","Women's Mountain Shorts, M",29
"2014-04","Women's Mountain Shorts, S",26
"2014-04","Women's Tights, S",1
"2014-05",Adjustable Race,5
"2014-05",All-Purpose Bike Stand,13
"2014-05",AWC Logo Cap,281
"2014-05",BB Ball Bearing,31
"2014-05",Bearing Ball,5
"2014-05",Bike Wash - Dissolver,139
"2014-05",Blade,31
"2014-05",Chain,34
"2014-05",Chainring,8
"2014-05",Chainring Bolts,10
"2014-05",Chainring Nut,10
"2014-05",Chain Stays,31
"2014-05","Classic Vest, L",24
"2014-05","Classic Vest, M",46
"2014-05","Classic Vest, S",61
"2014-05",Cone-Shaped Race,5
"2014-05",Crown Race,4
"2014-05",Cup-Shaped Race,4
"2014-05",Decal 1,5
"2014-05",Decal 2,5
"2014-05",Down Tube,31
"2014-05",External Lock Washer 1,4
"2014-05",External Lock Washer 2,1
"2014-05",External Lock Washer 3,4
"2014-05",External Lock Washer 4,4
"2014-05",External Lock Washer 5,3
"2014-05",External Lock Washer 6,4
"2014-05",External Lock Washer 7,3
"2014-05",External Lock Washer 8,1
"2014-05",External Lock Washer 9,3
"2014-05",Fender Set - Mountain,208
"2014-05",Flat Washer 1,5
"2014-05",Flat Washer 2,5
"2014-05",Flat Washer 3,6
"2014-05",Flat Washer 4,6
"2014-05",Flat Washer 5,7
"2014-05",Flat Washer 6,5
"2014-05",Flat Washer 7,7
"2014-05",Flat Washer 8,5
"2014-05",Flat Washer 9,6
"2014-05",Fork Crown,31
"2014-05",Fork End,31
"2014-05",Freewheel,5
"2014-05",Front Brakes,37
"2014-05",Front Derailleur,62
"2014-05",Front Derailleur Cage,7
"2014-05",Front Derailleur Linkage,7
"2014-05",Guide Pulley,4
"2014-05","Half-Finger Gloves, L",63
"2014-05","Half-Finger Gloves, M",75
"2014-05","Half-Finger Gloves, S",73
"2014-05",Handlebar Tube,31
"2014-05",Headset Ball Bearings,5
"2014-05",Head Tube,31
"2014-05",Hex Nut 1,2
"2014-05",Hex Nut 10,2
"2014-05",Hex Nut 11,2
"2014-05",Hex Nut 12,2
"2014-05",Hex Nut 13,2
"2014-05",Hex Nut 14,1
"2014-05",Hex Nut 16,2
"2014-05",Hex Nut 17,2
"2014-05",Hex Nut 2,1
"2014-05",Hex Nut 20,1
"2014-05",Hex Nut 21,1
"2014-05",Hex Nut 22,2
"2014-05",Hex Nut 23,2
"2014-05",Hex Nut 3,1
"2014-05",Hex Nut 7,2
"2014-05",Hex Nut 8,2
"2014-05",Hex Nut 9,2
"2014-05",Hitch Rack - 4-Bike,81
"2014-05",HL Bottom Bracket,62
"2014-05",HL Crankarm,14
"2014-05",HL Crankset,58
"2014-05",HL Fork,31
"2014-05",HL Grip Tape,5
"2014-05",HL Headset,30
"2014-05",HL Hub,31
"2014-05","HL Mountain Frame - Black, 38",36
"2014-05","HL Mountain Frame - Black, 42",51
"2014-05","HL Mountain Frame - Black, 46",24
"2014-05","HL Mountain Frame - Silver, 38",52
"2014-05","HL Mountain Frame - Silver, 42",34
"2014-05","HL Mountain Frame - Silver, 46",37
"2014-05",HL Mountain Handlebars,43
"2014-05",HL Mountain Pedal,30
"2014-05",HL Mountain Rim,4
"2014-05",HL Mountain Seat Assembly,31
"2014-05",HL Mountain Seat/Saddle,29
"2014-05",HL Mountain Tire,141
"2014-05",HL Nipple,8
"2014-05","HL Road Frame - Black, 44",16
"2014-05","HL Road Frame - Black, 48",11
"2014-05","HL Road Frame - Black, 52",9
"2014-05","HL Road Frame - Black, 58",11
"2014-05","HL Road Frame - Red, 44",11
"2014-05","HL Road Frame - Red, 58",8
"2014-05","HL Road Frame - Red, 62",9
"2014-05",HL Road Front Wheel,24
"2014-05",HL Road Handlebars,40
"2014-05",HL Road Pedal,25
"2014-05",HL Road Rear Wheel,24
"2014-05",HL Road Rim,7
"2014-05",HL Road Seat Assembly,24
"2014-05",HL Road Seat/Saddle,9
"2014-05",HL Road Tire,67
"2014-05",HL Shell,4
"2014-05",HL Spindle/Axle,8
"2014-05","HL Touring Frame - Blue, 46",28
"2014-05","HL Touring Frame - Blue, 50",34
"2014-05","HL Touring Frame - Blue, 54",45
"2014-05","HL Touring Frame - Blue, 60",42
"2014-05","HL Touring Frame - Yellow, 46",26
"2014-05","HL Touring Frame - Yellow, 50",15
"2014-05","HL Touring Frame - Yellow, 54",37
"2014-05","HL Touring Frame - Yellow, 60",36
"2014-05",HL Touring Handlebars,51
"2014-05",HL Touring Seat Assembly,30
"2014-05",HL Touring Seat/Saddle,28
"2014-05",Hydration Pack - 70 oz.,107
"2014-05",Internal Lock Washer 1,2
"2014-05",Internal Lock Washer 10,2
"2014-05",Internal Lock Washer 2,2
"2014-05",Internal Lock Washer 3,1
"2014-05",Internal Lock Washer 4,1
"2014-05",Internal Lock Washer 5,2
"2014-05",Internal Lock Washer 6,2
"2014-05",Internal Lock Washer 7,2
"2014-05",Internal Lock Washer 8,2
"2014-05",Internal Lock Washer 9,2
"2014-05",Keyed Washer,4
"2014-05",LL Bottom Bracket,57
"2014-05",LL Crankarm,8
"2014-05",LL Crankset,60
"2014-05",LL Fork,31
"2014-05",LL Grip Tape,9
"2014-05",LL Headset,31
"2014-05",LL Hub,31
"2014-05","LL Mountain Frame - Black, 40",4
"2014-05","LL Mountain Frame - Black, 42",21
"2014-05","LL Mountain Frame - Black, 44",30
"2014-05","LL Mountain Frame - Black, 48",32
"2014-05","LL Mountain Frame - Black, 52",7
"2014-05","LL Mountain Frame - Silver, 40",24
"2014-05","LL Mountain Frame - Silver, 42",26
"2014-05","LL Mountain Frame - Silver, 44",29
"2014-05","LL Mountain Frame - Silver, 48",5
"2014-05","LL Mountain Frame - Silver, 52",24
"2014-05",LL Mountain Front Wheel,30
"2014-05",LL Mountain Handlebars,46
"2014-05",LL Mountain Pedal,30
"2014-05",LL Mountain Rear Wheel,30
"2014-05",LL Mountain Rim,8
"2014-05",LL Mountain Seat Assembly,30
"2014-05",LL Mountain Seat/Saddle,27
"2014-05",LL Mountain Tire,78
"2014-05",LL Nipple,9
"2014-05","LL Road Frame - Black, 44",30
"2014-05","LL Road Frame - Black, 48",21
"2014-05","LL Road Frame - Black, 52",43
"2014-05","LL Road Frame - Black, 58",32
"2014-05",LL Road Front Wheel,31
"2014-05",LL Road Handlebars,31
"2014-05",LL Road Pedal,34
"2014-05",LL Road Rear Wheel,31
"2014-05",LL Road Rim,7
"2014-05",LL Road Seat Assembly,31
"2014-05",LL Road Seat/Saddle,5
"2014-05",LL Road Tire,103
"2014-05",LL Shell,4
"2014-05",LL Spindle/Axle,8
"2014-05","LL Touring Frame - Blue, 44",8
"2014-05","LL Touring Frame - Blue, 50",22
"2014-05","LL Touring Frame - Blue, 54",14
"2014-05","LL Touring Frame - Blue, 58",6
"2014-05","LL Touring Frame - Blue, 62",10
"2014-05","LL Touring Frame - Yellow, 44",20
"2014-05","LL Touring Frame - Yellow, 50",15
"2014-05","LL Touring Frame - Yellow, 54",5
"2014-05","LL Touring Frame - Yellow, 58",4
"2014-05","LL Touring Frame - Yellow, 62",28
"2014-05",LL Touring Handlebars,28
"2014-05",LL Touring Seat Assembly,28
"2014-05",LL Touring Seat/Saddle,3
"2014-05",Lock Nut 1,2
"2014-05",Lock Nut 10,2
"2014-05",Lock Nut 11,2
"2014-05",Lock Nut 12,1
"2014-05",Lock Nut 13,2
"2014-05",Lock Nut 14,2
"2014-05",Lock Nut 15,2
"2014-05",Lock Nut 16,2
"2014-05",Lock Nut 17,2
"2014-05",Lock Nut 18,2
"2014-05",Lock Nut 19,2
"2014-05",Lock Nut 2,2
"2014-05",Lock Nut 20,2
"2014-05",Lock Nut 21,2
"2014-05",Lock Nut 22,1
"2014-05",Lock Nut 23,1
"2014-05",Lock Nut 3,2
"2014-05",Lock Nut 4,2
"2014-05",Lock Nut 5,2
"2014-05",Lock Nut 6,2
"2014-05",Lock Nut 7,2
"2014-05",Lock Nut 8,2
"2014-05",Lock Nut 9,2
"2014-05",Lock Ring,1
"2014-05",Lock Washer 1,1
"2014-05",Lock Washer 10,1
"2014-05",Lock Washer 11,2
"2014-05",Lock Washer 12,1
"2014-05",Lock Washer 13,1
"2014-05",Lock Washer 2,1
"2014-05",Lock Washer 3,2
"2014-05",Lock Washer 4,2
"2014-05",Lock Washer 5,2
"2014-05",Lock Washer 6,1
"2014-05",Lock Washer 7,1
"2014-05",Lock Washer 8,1
"2014-05",Lock Washer 9,2
"2014-05","Long-Sleeve Logo Jersey, L",85
"2014-05","Long-Sleeve Logo Jersey, M",80
"2014-05","Long-Sleeve Logo Jersey, S",48
"2014-05","Long-Sleeve Logo Jersey, XL",47
"2014-05",Lower Head Race,4
"2014-05",Metal Angle,1
"2014-05",Metal Bar 1,1
"2014-05",Metal Bar 2,1
"2014-05",Metal Plate 1,1
"2014-05",Metal Plate 2,1
"2014-05",Metal Plate 3,1
"2014-05",Metal Sheet 2,1
"2014-05",Metal Sheet 3,1
"2014-05",Metal Sheet 4,1
"2014-05",Metal Sheet 5,1
"2014-05",Metal Sheet 7,1
"2014-05",ML Bottom Bracket,31
"2014-05",ML Crankarm,8
"2014-05",ML Crankset,31
"2014-05",ML Fork,31
"2014-05",ML Grip Tape,9
"2014-05",ML Headset,31
"2014-05","ML Mountain Frame-W - Silver, 38",17
"2014-05","ML Mountain Frame-W - Silver, 40",37
"2014-05","ML Mountain Frame-W - Silver, 42",43
"2014-05","ML Mountain Frame-W - Silver, 46",16
"2014-05",ML Mountain Front Wheel,31
"2014-05",ML Mountain Handlebars,27
"2014-05",ML Mountain Pedal,27
"2014-05",ML Mountain Rear Wheel,31
"2014-05",ML Mountain Rim,8
"2014-05",ML Mountain Seat/Saddle,16
"2014-05",ML Mountain Tire,105
"2014-05","ML Road Frame-W - Yellow, 38",34
"2014-05","ML Road Frame-W - Yellow, 40",28
"2014-05","ML Road Frame-W - Yellow, 42",28
"2014-05","ML Road Frame-W - Yellow, 44",44
"2014-05","ML Road Frame-W - Yellow, 48",42
"2014-05",ML Road Front Wheel,31
"2014-05",ML Road Handlebars,31
"2014-05",ML Road Pedal,27
"2014-05",ML Road Rear Wheel,31
"2014-05",ML Road Rim,7
"2014-05",ML Road Seat Assembly,31
"2014-05",ML Road Seat/Saddle,5
"2014-05",ML Road Tire,116
"2014-05",ML Touring Seat Assembly,23
"2014-05",ML Touring Seat/Saddle,4
"2014-05","Mountain-200 Black, 38",99
"2014-05","Mountain-200 Black, 42",109
"2014-05","Mountain-200 Black, 46",90
"2014-05","Mountain-200 Silver, 38",112
"2014-05","Mountain-200 Silver, 42",99
"2014-05","Mountain-200 Silver, 46",89
"2014-05","Mountain-400-W Silver, 38",46
"2014-05","Mountain-400-W Silver, 40",43
"2014-05","Mountain-400-W Silver, 42",53
"2014-05","Mountain-400-W Silver, 46",37
"2014-05","Mountain-500 Black, 40",17
"2014-05","Mountain-500 Black, 42",24
"2014-05","Mountain-500 Black, 44",24
"2014-05","Mountain-500 Black, 48",34
"2014-05","Mountain-500 Black, 52",24
"2014-05","Mountain-500 Silver, 40",27
"2014-05","Mountain-500 Silver, 42",29
"2014-05","Mountain-500 Silver, 44",24
"2014-05","Mountain-500 Silver, 48",27
"2014-05","Mountain-500 Silver, 52",32
"2014-05",Mountain Bottle Cage,213
"2014-05",Mountain End Caps,31
"2014-05",Mountain Tire Tube,289
"2014-05",Paint - Black,4
"2014-05",Paint - Blue,4
"2014-05",Paint - Red,4
"2014-05",Paint - Silver,4
"2014-05",Paint - Yellow,4
"2014-05",Patch Kit/8 Patches,288
"2014-05",Pinch Bolt,4
"2014-05","Racing Socks, L",63
"2014-05","Racing Socks, M",45
"2014-05",Rear Brakes,19
"2014-05",Rear Derailleur,54
"2014-05",Rear Derailleur Cage,6
"2014-05",Reflector,4
"2014-05","Road-250 Black, 44",28
"2014-05","Road-250 Black, 48",41
"2014-05","Road-250 Black, 52",33
"2014-05","Road-250 Black, 58",27
"2014-05","Road-250 Red, 58",28
"2014-05","Road-350-W Yellow, 40",87
"2014-05","Road-350-W Yellow, 42",73
"2014-05","Road-350-W Yellow, 44",63
"2014-05","Road-350-W Yellow, 48",77
"2014-05","Road-550-W Yellow, 38",58
"2014-05","Road-550-W Yellow, 40",58
"2014-05","Road-550-W Yellow, 42",65
"2014-05","Road-550-W Yellow, 44",47
"2014-05","Road-550-W Yellow, 48",56
"2014-05","Road-750 Black, 44",82
"2014-05","Road-750 Black, 48",76
"2014-05","Road-750 Black, 52",97
"2014-05","Road-750 Black, 58",86
"2014-05",Road Bottle Cage,188
"2014-05",Road End Caps,31
"2014-05",Road Tire Tube,227
"2014-05",Seat Lug,5
"2014-05",Seat Post,5
"2014-05",Seat Stays,31
"2014-05",Seat Tube,31
"2014-05","Short-Sleeve Classic Jersey, L",86
"2014-05","Short-Sleeve Classic Jersey, M",47
"2014-05","Short-Sleeve Classic Jersey, S",66
"2014-05","Short-Sleeve Classic Jersey, XL",100
"2014-05",Spokes,4
"2014-05","Sport-100 Helmet, Black",244
"2014-05","Sport-100 Helmet, Blue",263
"2014-05","Sport-100 Helmet, Red",249
"2014-05",Steerer,31
"2014-05",Stem,31
"2014-05",Tension Pulley,3
"2014-05",Thin-Jam Hex Nut 1,2
"2014-05",Thin-Jam Hex Nut 10,1
"2014-05",Thin-Jam Hex Nut 11,2
"2014-05",Thin-Jam Hex Nut 12,2
"2014-05",Thin-Jam Hex Nut 13,1
"2014-05",Thin-Jam Hex Nut 14,2
"2014-05",Thin-Jam Hex Nut 15,2
"2014-05",Thin-Jam Hex Nut 16,2
"2014-05",Thin-Jam Hex Nut 2,2
"2014-05",Thin-Jam Hex Nut 3,1
"2014-05",Thin-Jam Hex Nut 4,1
"2014-05",Thin-Jam Hex Nut 5,2
"2014-05",Thin-Jam Hex Nut 6,1
"2014-05",Thin-Jam Hex Nut 7,2
"2014-05",Thin-Jam Hex Nut 8,2
"2014-05",Thin-Jam Hex Nut 9,1
"2014-05",Thin-Jam Lock Nut 1,3
"2014-05",Thin-Jam Lock Nut 10,3
"2014-05",Thin-Jam Lock Nut 11,1
"2014-05",Thin-Jam Lock Nut 12,1
"2014-05",Thin-Jam Lock Nut 13,3
"2014-05",Thin-Jam Lock Nut 14,2
"2014-05",Thin-Jam Lock Nut 15,3
"2014-05",Thin-Jam Lock Nut 16,3
"2014-05",Thin-Jam Lock Nut 2,3
"2014-05",Thin-Jam Lock Nut 3,3
"2014-05",Thin-Jam Lock Nut 4,3
"2014-05",Thin-Jam Lock Nut 5,3
"2014-05",Thin-Jam Lock Nut 6,3
"2014-05",Thin-Jam Lock Nut 7,2
"2014-05",Thin-Jam Lock Nut 8,2
"2014-05",Thin-Jam Lock Nut 9,3
"2014-05",Top Tube,31
"2014-05","Touring-1000 Blue, 46",64
"2014-05","Touring-1000 Blue, 50",57
"2014-05","Touring-1000 Blue, 54",55
"2014-05","Touring-1000 Blue, 60",61
"2014-05","Touring-1000 Yellow, 46",78
"2014-05","Touring-1000 Yellow, 50",58
"2014-05","Touring-1000 Yellow, 54",49
"2014-05","Touring-1000 Yellow, 60",64
"2014-05","Touring-2000 Blue, 46",41
"2014-05","Touring-2000 Blue, 50",42
"2014-05","Touring-2000 Blue, 54",53
"2014-05","Touring-2000 Blue, 60",47
"2014-05","Touring-3000 Blue, 44",27
"2014-05","Touring-3000 Blue, 50",44
"2014-05","Touring-3000 Blue, 54",33
"2014-05","Touring-3000 Blue, 58",39
"2014-05","Touring-3000 Blue, 62",31
"2014-05","Touring-3000 Yellow, 44",57
"2014-05","Touring-3000 Yellow, 50",33
"2014-05","Touring-3000 Yellow, 54",34
"2014-05","Touring-3000 Yellow, 58",22
"2014-05","Touring-3000 Yellow, 62",43
"2014-05",Touring End Caps,31
"2014-05",Touring Front Wheel,31
"2014-05",Touring Pedal,10
"2014-05",Touring Rear Wheel,31
"2014-05",Touring Rim,9
"2014-05",Touring Tire,93
"2014-05",Touring Tire Tube,146
"2014-05",Water Bottle - 30 oz.,461
"2014-05","Women's Mountain Shorts, L",66
"2014-05","Women's Mountain Shorts, M",69
"2014-05","Women's Mountain Shorts, S",65
"2014-06",Adjustable Race,4
"2014-06",All-Purpose Bike Stand,11
"2014-06",AWC Logo Cap,93
"2014-06",BB Ball Bearing,2
"2014-06",Bearing Ball,4
"2014-06",Bike Wash - Dissolver,42
"2014-06",Blade,2
"2014-06",Chain,4
"2014-06",Chainring,13
"2014-06",Chainring Bolts,11
"2014-06",Chainring Nut,11
"2014-06",Chain Stays,2
"2014-06","Classic Vest, L",8
"2014-06","Classic Vest, M",14
"2014-06","Classic Vest, S",9
"2014-06",Cone-Shaped Race,5
"2014-06",Crown Race,5
"2014-06",Cup-Shaped Race,5
"2014-06",Decal 1,4
"2014-06",Decal 2,4
"2014-06",Down Tube,2
"2014-06",External Lock Washer 1,4
"2014-06",External Lock Washer 2,3
"2014-06",External Lock Washer 3,4
"2014-06",External Lock Washer 4,4
"2014-06",External Lock Washer 5,4
"2014-06",External Lock Washer 6,4
"2014-06",External Lock Washer 7,4
"2014-06",External Lock Washer 8,3
"2014-06",External Lock Washer 9,4
"2014-06",Fender Set - Mountain,103
"2014-06",Flat Washer 1,7
"2014-06",Flat Washer 2,7
"2014-06",Flat Washer 3,4
"2014-06",Flat Washer 4,6
"2014-06",Flat Washer 5,5
"2014-06",Flat Washer 6,7
"2014-06",Flat Washer 7,5
"2014-06",Flat Washer 8,5
"2014-06",Flat Washer 9,6
"2014-06",Fork Crown,2
"2014-06",Fork End,2
"2014-06",Freewheel,4
"2014-06",Front Brakes,4
"2014-06",Front Derailleur,2
"2014-06",Front Derailleur Cage,7
"2014-06",Front Derailleur Linkage,7
"2014-06",Guide Pulley,3
"2014-06","Half-Finger Gloves, L",16
"2014-06","Half-Finger Gloves, M",24
"2014-06","Half-Finger Gloves, S",25
"2014-06",Handlebar Tube,2
"2014-06",Headset Ball Bearings,4
"2014-06",Head Tube,2
"2014-06",Hex Nut 1,2
"2014-06",Hex Nut 10,2
"2014-06",Hex Nut 11,2
"2014-06",Hex Nut 12,2
"2014-06",Hex Nut 13,2
"2014-06",Hex Nut 14,3
"2014-06",Hex Nut 15,4
"2014-06",Hex Nut 16,4
"2014-06",Hex Nut 17,4
"2014-06",Hex Nut 18,4
"2014-06",Hex Nut 19,4
"2014-06",Hex Nut 2,3
"2014-06",Hex Nut 20,3
"2014-06",Hex Nut 21,3
"2014-06",Hex Nut 22,2
"2014-06",Hex Nut 23,2
"2014-06",Hex Nut 3,3
"2014-06",Hex Nut 4,4
"2014-06",Hex Nut 5,5
"2014-06",Hex Nut 6,5
"2014-06",Hex Nut 7,4
"2014-06",Hex Nut 8,4
"2014-06",Hex Nut 9,4
"2014-06",Hitch Rack - 4-Bike,20
"2014-06",HL Bottom Bracket,2
"2014-06",HL Crankarm,10
"2014-06",HL Crankset,2
"2014-06",HL Fork,2
"2014-06",HL Grip Tape,5
"2014-06",HL Headset,2
"2014-06",HL Hub,2
"2014-06","HL Mountain Frame - Black, 38",2
"2014-06","HL Mountain Frame - Black, 42",2
"2014-06","HL Mountain Frame - Black, 46",1
"2014-06","HL Mountain Frame - Silver, 38",1
"2014-06","HL Mountain Frame - Silver, 42",2
"2014-06","HL Mountain Frame - Silver, 46",2
"2014-06",HL Mountain Handlebars,2
"2014-06",HL Mountain Pedal,5
"2014-06",HL Mountain Rim,4
"2014-06",HL Mountain Seat Assembly,2
"2014-06",HL Mountain Seat/Saddle,7
"2014-06",HL Mountain Tire,69
"2014-06",HL Nipple,10
"2014-06","HL Road Frame - Black, 44",1
"2014-06","HL Road Frame - Black, 48",1
"2014-06","HL Road Frame - Red, 58",1
"2014-06",HL Road Front Wheel,2
"2014-06",HL Road Handlebars,2
"2014-06",HL Road Pedal,3
"2014-06",HL Road Rear Wheel,2
"2014-06",HL Road Rim,9
"2014-06",HL Road Seat Assembly,2
"2014-06",HL Road Seat/Saddle,6
"2014-06",HL Road Tire,56
"2014-06",HL Shell,5
"2014-06",HL Spindle/Axle,10
"2014-06","HL Touring Frame - Blue, 46",1
"2014-06","HL Touring Frame - Blue, 50",2
"2014-06","HL Touring Frame - Blue, 54",2
"2014-06","HL Touring Frame - Blue, 60",2
"2014-06","HL Touring Frame - Yellow, 46",1
"2014-06","HL Touring Frame - Yellow, 54",1
"2014-06",HL Touring Handlebars,2
"2014-06",HL Touring Seat Assembly,2
"2014-06",HL Touring Seat/Saddle,4
"2014-06",Hydration Pack - 70 oz.,26
"2014-06",Internal Lock Washer 1,2
"2014-06",Internal Lock Washer 10,2
"2014-06",Internal Lock Washer 2,2
"2014-06",Internal Lock Washer 3,3
"2014-06",Internal Lock Washer 4,3
"2014-06",Internal Lock Washer 5,2
"2014-06",Internal Lock Washer 6,2
"2014-06",Internal Lock Washer 7,2
"2014-06",Internal Lock Washer 8,2
"2014-06",Internal Lock Washer 9,2
"2014-06",Keyed Washer,5
"2014-06",LL Bottom Bracket,2
"2014-06",LL Crankarm,7
"2014-06",LL Crankset,2
"2014-06",LL Fork,2
"2014-06",LL Grip Tape,10
"2014-06",LL Headset,2
"2014-06",LL Hub,2
"2014-06","LL Mountain Frame - Silver, 42",1
"2014-06","LL Mountain Frame - Silver, 48",1
"2014-06",LL Mountain Front Wheel,1
"2014-06",LL Mountain Handlebars,1
"2014-06",LL Mountain Pedal,10
"2014-06",LL Mountain Rear Wheel,1
"2014-06",LL Mountain Rim,10
"2014-06",LL Mountain Seat Assembly,1
"2014-06",LL Mountain Seat/Saddle,6
"2014-06",LL Mountain Tire,69
"2014-06",LL Nipple,10
"2014-06","LL Road Frame - Black, 44",2
"2014-06","LL Road Frame - Black, 48",2
"2014-06","LL Road Frame - Black, 52",2
"2014-06","LL Road Frame - Black, 58",2
"2014-06",LL Road Front Wheel,2
"2014-06",LL Road Handlebars,2
"2014-06",LL Road Pedal,9
"2014-06",LL Road Rear Wheel,2
"2014-06",LL Road Rim,9
"2014-06",LL Road Seat Assembly,2
"2014-06",LL Road Seat/Saddle,8
"2014-06",LL Road Tire,65
"2014-06",LL Shell,5
"2014-06",LL Spindle/Axle,10
"2014-06","LL Touring Frame - Blue, 44",1
"2014-06","LL Touring Frame - Blue, 58",1
"2014-06","LL Touring Frame - Yellow, 44",2
"2014-06","LL Touring Frame - Yellow, 50",1
"2014-06","LL Touring Frame - Yellow, 58",1
"2014-06",LL Touring Handlebars,2
"2014-06",LL Touring Seat Assembly,2
"2014-06",LL Touring Seat/Saddle,5
"2014-06",Lock Nut 1,2
"2014-06",Lock Nut 10,2
"2014-06",Lock Nut 11,2
"2014-06",Lock Nut 12,2
"2014-06",Lock Nut 13,2
"2014-06",Lock Nut 14,2
"2014-06",Lock Nut 15,2
"2014-06",Lock Nut 16,2
"2014-06",Lock Nut 17,2
"2014-06",Lock Nut 18,2
"2014-06",Lock Nut 19,2
"2014-06",Lock Nut 2,2
"2014-06",Lock Nut 20,2
"2014-06",Lock Nut 21,2
"2014-06",Lock Nut 22,2
"2014-06",Lock Nut 23,2
"2014-06",Lock Nut 3,2
"2014-06",Lock Nut 4,2
"2014-06",Lock Nut 5,2
"2014-06",Lock Nut 6,2
"2014-06",Lock Nut 7,2
"2014-06",Lock Nut 8,2
"2014-06",Lock Nut 9,1
"2014-06",Lock Ring,1
"2014-06",Lock Washer 1,1
"2014-06",Lock Washer 10,2
"2014-06",Lock Washer 11,1
"2014-06",Lock Washer 12,1
"2014-06",Lock Washer 13,2
"2014-06",Lock Washer 2,1
"2014-06",Lock Washer 3,1
"2014-06",Lock Washer 4,1
"2014-06",Lock Washer 5,1
"2014-06",Lock Washer 6,2
"2014-06",Lock Washer 7,1
"2014-06",Lock Washer 8,1
"2014-06",Lock Washer 9,1
"2014-06","Long-Sleeve Logo Jersey, L",19
"2014-06","Long-Sleeve Logo Jersey, M",24
"2014-06","Long-Sleeve Logo Jersey, S",25
"2014-06","Long-Sleeve Logo Jersey, XL",21
"2014-06",Lower Head Race,5
"2014-06",Metal Angle,2
"2014-06",Metal Bar 1,2
"2014-06",Metal Bar 2,2
"2014-06",Metal Plate 1,1
"2014-06",Metal Plate 2,2
"2014-06",Metal Plate 3,1
"2014-06",Metal Sheet 1,2
"2014-06",Metal Sheet 2,1
"2014-06",Metal Sheet 3,1
"2014-06",Metal Sheet 4,1
"2014-06",Metal Sheet 5,1
"2014-06",Metal Sheet 6,2
"2014-06",Metal Sheet 7,1
"2014-06",Metal Tread Plate,2
"2014-06",ML Bottom Bracket,2
"2014-06",ML Crankarm,7
"2014-06",ML Crankset,2
"2014-06",ML Fork,2
"2014-06",ML Grip Tape,10
"2014-06",ML Headset,2
"2014-06","ML Mountain Frame-W - Silver, 38",1
"2014-06","ML Mountain Frame-W - Silver, 42",1
"2014-06",ML Mountain Front Wheel,2
"2014-06",ML Mountain Pedal,10
"2014-06",ML Mountain Rear Wheel,2
"2014-06",ML Mountain Rim,10
"2014-06",ML Mountain Seat/Saddle,6
"2014-06",ML Mountain Tire,85
"2014-06","ML Road Frame-W - Yellow, 40",2
"2014-06","ML Road Frame-W - Yellow, 42",1
"2014-06","ML Road Frame-W - Yellow, 44",1
"2014-06","ML Road Frame-W - Yellow, 48",1
"2014-06",ML Road Front Wheel,2
"2014-06",ML Road Handlebars,2
"2014-06",ML Road Pedal,9
"2014-06",ML Road Rear Wheel,2
"2014-06",ML Road Rim,9
"2014-06",ML Road Seat Assembly,2
"2014-06",ML Road Seat/Saddle,8
"2014-06",ML Road Tire,41
"2014-06",ML Touring Seat Assembly,2
"2014-06",ML Touring Seat/Saddle,4
"2014-06","Mountain-200 Black, 38",2
"2014-06","Mountain-200 Black, 42",2
"2014-06","Mountain-200 Black, 46",1
"2014-06","Mountain-200 Silver, 38",1
"2014-06","Mountain-200 Silver, 42",2
"2014-06","Mountain-200 Silver, 46",2
"2014-06","Mountain-400-W Silver, 38",1
"2014-06","Mountain-400-W Silver, 42",1
"2014-06","Mountain-500 Silver, 42",1
"2014-06","Mountain-500 Silver, 48",1
"2014-06",Mountain Bottle Cage,80
"2014-06",Mountain End Caps,2
"2014-06",Mountain Tire Tube,186
"2014-06",Paint - Black,8
"2014-06",Paint - Blue,6
"2014-06",Paint - Red,8
"2014-06",Paint - Silver,6
"2014-06",Paint - Yellow,6
"2014-06",Patch Kit/8 Patches,175
"2014-06",Pinch Bolt,5
"2014-06","Racing Socks, L",8
"2014-06","Racing Socks, M",17
"2014-06",Rear Brakes,4
"2014-06",Rear Derailleur,2
"2014-06",Rear Derailleur Cage,8
"2014-06",Reflector,5
"2014-06","Road-250 Black, 44",1
"2014-06","Road-250 Black, 48",1
"2014-06","Road-250 Red, 58",1
"2014-06","Road-350-W Yellow, 40",1
"2014-06","Road-350-W Yellow, 42",1
"2014-06","Road-350-W Yellow, 44",1
"2014-06","Road-550-W Yellow, 40",1
"2014-06","Road-550-W Yellow, 44",1
"2014-06","Road-550-W Yellow, 48",1
"2014-06","Road-750 Black, 44",2
"2014-06","Road-750 Black, 48",2
"2014-06","Road-750 Black, 52",2
"2014-06","Road-750 Black, 58",2
"2014-06",Road Bottle Cage,10
"2014-06",Road End Caps,2
"2014-06",Road Tire Tube,154
"2014-06",Seat Lug,5
"2014-06",Seat Post,4
"2014-06",Seat Stays,2
"2014-06",Seat Tube,2
"2014-06","Short-Sleeve Classic Jersey, L",8
"2014-06","Short-Sleeve Classic Jersey, M",21
"2014-06","Short-Sleeve Classic Jersey, S",9
"2014-06","Short-Sleeve Classic Jersey, XL",19
"2014-06",Spokes,5
"2014-06","Sport-100 Helmet, Black",91
"2014-06","Sport-100 Helmet, Blue",94
"2014-06","Sport-100 Helmet, Red",77
"2014-06",Steerer,2
"2014-06",Stem,2
"2014-06",Tension Pulley,4
"2014-06",Thin-Jam Hex Nut 1,2
"2014-06",Thin-Jam Hex Nut 10,2
"2014-06",Thin-Jam Hex Nut 11,2
"2014-06",Thin-Jam Hex Nut 12,2
"2014-06",Thin-Jam Hex Nut 13,2
"2014-06",Thin-Jam Hex Nut 14,2
"2014-06",Thin-Jam Hex Nut 15,2
"2014-06",Thin-Jam Hex Nut 16,1
"2014-06",Thin-Jam Hex Nut 2,2
"2014-06",Thin-Jam Hex Nut 3,2
"2014-06",Thin-Jam Hex Nut 4,2
"2014-06",Thin-Jam Hex Nut 5,1
"2014-06",Thin-Jam Hex Nut 6,2
"2014-06",Thin-Jam Hex Nut 7,2
"2014-06",Thin-Jam Hex Nut 8,2
"2014-06",Thin-Jam Hex Nut 9,2
"2014-06",Thin-Jam Lock Nut 1,3
"2014-06",Thin-Jam Lock Nut 10,2
"2014-06",Thin-Jam Lock Nut 11,4
"2014-06",Thin-Jam Lock Nut 12,5
"2014-06",Thin-Jam Lock Nut 13,3
"2014-06",Thin-Jam Lock Nut 14,4
"2014-06",Thin-Jam Lock Nut 15,3
"2014-06",Thin-Jam Lock Nut 16,3
"2014-06",Thin-Jam Lock Nut 2,3
"2014-06",Thin-Jam Lock Nut 3,3
"2014-06",Thin-Jam Lock Nut 4,3
"2014-06",Thin-Jam Lock Nut 5,3
"2014-06",Thin-Jam Lock Nut 6,3
"2014-06",Thin-Jam Lock Nut 7,4
"2014-06",Thin-Jam Lock Nut 8,4
"2014-06",Thin-Jam Lock Nut 9,2
"2014-06",Top Tube,2
"2014-06","Touring-1000 Blue, 50",1
"2014-06","Touring-1000 Blue, 54",1
"2014-06","Touring-1000 Blue, 60",1
"2014-06","Touring-1000 Yellow, 46",1
"2014-06","Touring-1000 Yellow, 54",1
"2014-06","Touring-2000 Blue, 46",1
"2014-06","Touring-2000 Blue, 50",1
"2014-06","Touring-2000 Blue, 54",1
"2014-06","Touring-2000 Blue, 60",1
"2014-06","Touring-3000 Blue, 44",1
"2014-06","Touring-3000 Blue, 58",1
"2014-06","Touring-3000 Yellow, 44",2
"2014-06","Touring-3000 Yellow, 50",1
"2014-06","Touring-3000 Yellow, 58",1
"2014-06",Touring End Caps,2
"2014-06",Touring Front Wheel,2
"2014-06",Touring Pedal,5
"2014-06",Touring Rear Wheel,2
"2014-06",Touring Rim,10
"2014-06",Touring Tire,59
"2014-06",Touring Tire Tube,92
"2014-06",Water Bottle - 30 oz.,161
"2014-06","Women's Mountain Shorts, L",24
"2014-06","Women's Mountain Shorts, M",20
"2014-06","Women's Mountain Shorts, S",15
"2014-07",Adjustable Race,6
"2014-07",Bearing Ball,6
"2014-07",Chain,6
"2014-07",Chainring,13
"2014-07",Chainring Bolts,14
"2014-07",Chainring Nut,14
"2014-07",Cone-Shaped Race,5
"2014-07",Crown Race,6
"2014-07",Cup-Shaped Race,6
"2014-07",Decal 1,6
"2014-07",Decal 2,6
"2014-07",External Lock Washer 1,4
"2014-07",External Lock Washer 2,1
"2014-07",External Lock Washer 3,5
"2014-07",External Lock Washer 4,5
"2014-07",External Lock Washer 5,5
"2014-07",External Lock Washer 6,4
"2014-07",External Lock Washer 7,5
"2014-07",External Lock Washer 8,1
"2014-07",External Lock Washer 9,5
"2014-07",Flat Washer 1,5
"2014-07",Flat Washer 2,5
"2014-07",Flat Washer 3,8
"2014-07",Flat Washer 4,6
"2014-07",Flat Washer 5,7
"2014-07",Flat Washer 6,5
"2014-07",Flat Washer 7,7
"2014-07",Flat Washer 8,7
"2014-07",Flat Washer 9,6
"2014-07",Freewheel,6
"2014-07",Front Brakes,6
"2014-07",Front Derailleur Cage,9
"2014-07",Front Derailleur Linkage,9
"2014-07",Guide Pulley,5
"2014-07",Headset Ball Bearings,6
"2014-07",Hex Nut 1,2
"2014-07",Hex Nut 10,2
"2014-07",Hex Nut 11,2
"2014-07",Hex Nut 12,2
"2014-07",Hex Nut 13,2
"2014-07",Hex Nut 14,1
"2014-07",Hex Nut 16,2
"2014-07",Hex Nut 17,2
"2014-07",Hex Nut 2,1
"2014-07",Hex Nut 20,1
"2014-07",Hex Nut 21,1
"2014-07",Hex Nut 22,2
"2014-07",Hex Nut 23,2
"2014-07",Hex Nut 3,1
"2014-07",Hex Nut 5,1
"2014-07",Hex Nut 6,1
"2014-07",Hex Nut 7,2
"2014-07",Hex Nut 8,2
"2014-07",Hex Nut 9,2
"2014-07",HL Crankarm,17
"2014-07",HL Grip Tape,5
"2014-07",HL Mountain Pedal,5
"2014-07",HL Mountain Rim,4
"2014-07",HL Mountain Seat/Saddle,7
"2014-07",HL Mountain Tire,11
"2014-07",HL Nipple,10
"2014-07",HL Road Pedal,5
"2014-07",HL Road Rim,10
"2014-07",HL Road Seat/Saddle,7
"2014-07",HL Road Tire,9
"2014-07",HL Shell,5
"2014-07",HL Spindle/Axle,11
"2014-07",HL Touring Seat/Saddle,4
"2014-07",Internal Lock Washer 1,2
"2014-07",Internal Lock Washer 10,2
"2014-07",Internal Lock Washer 2,2
"2014-07",Internal Lock Washer 3,1
"2014-07",Internal Lock Washer 4,1
"2014-07",Internal Lock Washer 5,2
"2014-07",Internal Lock Washer 6,2
"2014-07",Internal Lock Washer 7,2
"2014-07",Internal Lock Washer 8,2
"2014-07",Internal Lock Washer 9,2
"2014-07",Keyed Washer,5
"2014-07",LL Crankarm,10
"2014-07",LL Grip Tape,10
"2014-07",LL Mountain Pedal,10
"2014-07",LL Mountain Rim,11
"2014-07",LL Mountain Seat/Saddle,6
"2014-07",LL Mountain Tire,10
"2014-07",LL Nipple,10
"2014-07",LL Road Pedal,9
"2014-07",LL Road Rim,9
"2014-07",LL Road Seat/Saddle,7
"2014-07",LL Road Tire,10
"2014-07",LL Shell,5
"2014-07",LL Spindle/Axle,11
"2014-07",LL Touring Seat/Saddle,4
"2014-07",Lock Nut 1,2
"2014-07",Lock Nut 10,2
"2014-07",Lock Nut 11,2
"2014-07",Lock Nut 12,3
"2014-07",Lock Nut 13,3
"2014-07",Lock Nut 14,2
"2014-07",Lock Nut 15,2
"2014-07",Lock Nut 16,2
"2014-07",Lock Nut 17,2
"2014-07",Lock Nut 18,2
"2014-07",Lock Nut 19,2
"2014-07",Lock Nut 2,2
"2014-07",Lock Nut 20,2
"2014-07",Lock Nut 21,2
"2014-07",Lock Nut 22,3
"2014-07",Lock Nut 23,3
"2014-07",Lock Nut 3,2
"2014-07",Lock Nut 4,2
"2014-07",Lock Nut 5,2
"2014-07",Lock Nut 6,2
"2014-07",Lock Nut 7,2
"2014-07",Lock Nut 8,2
"2014-07",Lock Nut 9,3
"2014-07",Lock Ring,1
"2014-07",Lock Washer 1,2
"2014-07",Lock Washer 10,1
"2014-07",Lock Washer 11,2
"2014-07",Lock Washer 12,2
"2014-07",Lock Washer 13,1
"2014-07",Lock Washer 2,2
"2014-07",Lock Washer 3,2
"2014-07",Lock Washer 4,2
"2014-07",Lock Washer 5,2
"2014-07",Lock Washer 6,1
"2014-07",Lock Washer 7,2
"2014-07",Lock Washer 8,2
"2014-07",Lock Washer 9,2
"2014-07",Lower Head Race,5
"2014-07",Metal Angle,1
"2014-07",Metal Bar 1,1
"2014-07",Metal Bar 2,1
"2014-07",Metal Plate 1,2
"2014-07",Metal Plate 2,1
"2014-07",Metal Plate 3,2
"2014-07",Metal Sheet 1,1
"2014-07",Metal Sheet 2,2
"2014-07",Metal Sheet 3,2
"2014-07",Metal Sheet 4,2
"2014-07",Metal Sheet 5,2
"2014-07",Metal Sheet 6,1
"2014-07",Metal Sheet 7,2
"2014-07",Metal Tread Plate,1
"2014-07",ML Crankarm,10
"2014-07",ML Grip Tape,10
"2014-07",ML Mountain Pedal,10
"2014-07",ML Mountain Rim,11
"2014-07",ML Mountain Seat/Saddle,6
"2014-07",ML Mountain Tire,10
"2014-07",ML Road Pedal,9
"2014-07",ML Road Rim,9
"2014-07",ML Road Seat/Saddle,7
"2014-07",ML Road Tire,10
"2014-07",ML Touring Seat/Saddle,5
"2014-07",Mountain Tire Tube,6
"2014-07",Paint - Black,5
"2014-07",Paint - Blue,7
"2014-07",Paint - Red,5
"2014-07",Paint - Silver,7
"2014-07",Paint - Yellow,7
"2014-07",Pinch Bolt,6
"2014-07",Rear Brakes,6
"2014-07",Rear Derailleur Cage,9
"2014-07",Reflector,6
"2014-07",Road Tire Tube,5
"2014-07",Seat Lug,5
"2014-07",Seat Post,6
"2014-07",Spokes,5
"2014-07",Tension Pulley,4
"2014-07",Thin-Jam Hex Nut 1,2
"2014-07",Thin-Jam Hex Nut 10,2
"2014-07",Thin-Jam Hex Nut 11,2
"2014-07",Thin-Jam Hex Nut 12,2
"2014-07",Thin-Jam Hex Nut 13,2
"2014-07",Thin-Jam Hex Nut 14,2
"2014-07",Thin-Jam Hex Nut 15,2
"2014-07",Thin-Jam Hex Nut 16,3
"2014-07",Thin-Jam Hex Nut 2,2
"2014-07",Thin-Jam Hex Nut 3,2
"2014-07",Thin-Jam Hex Nut 4,2
"2014-07",Thin-Jam Hex Nut 5,3
"2014-07",Thin-Jam Hex Nut 6,2
"2014-07",Thin-Jam Hex Nut 7,2
"2014-07",Thin-Jam Hex Nut 8,2
"2014-07",Thin-Jam Hex Nut 9,2
"2014-07",Thin-Jam Lock Nut 1,3
"2014-07",Thin-Jam Lock Nut 10,4
"2014-07",Thin-Jam Lock Nut 11,3
"2014-07",Thin-Jam Lock Nut 12,2
"2014-07",Thin-Jam Lock Nut 13,3
"2014-07",Thin-Jam Lock Nut 14,2
"2014-07",Thin-Jam Lock Nut 15,3
"2014-07",Thin-Jam Lock Nut 16,3
"2014-07",Thin-Jam Lock Nut 2,3
"2014-07",Thin-Jam Lock Nut 3,3
"2014-07",Thin-Jam Lock Nut 4,3
"2014-07",Thin-Jam Lock Nut 5,3
"2014-07",Thin-Jam Lock Nut 6,3
"2014-07",Thin-Jam Lock Nut 7,2
"2014-07",Thin-Jam Lock Nut 8,2
"2014-07",Thin-Jam Lock Nut 9,4
"2014-07",Touring Pedal,6
"2014-07",Touring Rim,11
"2014-07",Touring Tire,9
"2014-07",Touring Tire Tube,5
"2014-08",Cone-Shaped Race,1
"2014-08",Decal 1,1
"2014-08",Decal 2,1
"2014-08",External Lock Washer 2,1
"2014-08",External Lock Washer 5,1
"2014-08",External Lock Washer 7,1
"2014-08",External Lock Washer 8,1
"2014-08",External Lock Washer 9,1
"2014-08",Flat Washer 1,2
"2014-08",Flat Washer 2,1
"2014-08",Flat Washer 3,1
"2014-08",Flat Washer 4,1
"2014-08",Flat Washer 5,1
"2014-08",Flat Washer 6,2
"2014-08",Flat Washer 7,1
"2014-08",Flat Washer 8,1
"2014-08",Flat Washer 9,1
"2014-08",Freewheel,1
"2014-08",Front Brakes,1
"2014-08",Front Derailleur Cage,1
"2014-08",Front Derailleur Linkage,1
"2014-08",Hex Nut 14,1
"2014-08",Hex Nut 15,1
"2014-08",Hex Nut 16,1
"2014-08",Hex Nut 17,1
"2014-08",Hex Nut 18,1
"2014-08",Hex Nut 19,1
"2014-08",Hex Nut 2,1
"2014-08",Hex Nut 20,1
"2014-08",Hex Nut 21,1
"2014-08",Hex Nut 3,1
"2014-08",Hex Nut 4,1
"2014-08",Hex Nut 5,1
"2014-08",Hex Nut 6,1
"2014-08",HL Grip Tape,1
"2014-08",HL Mountain Pedal,1
"2014-08",HL Mountain Rim,1
"2014-08",HL Mountain Seat/Saddle,1
"2014-08",HL Mountain Tire,1
"2014-08",HL Nipple,2
"2014-08",HL Road Seat/Saddle,1
"2014-08",HL Shell,1
"2014-08",HL Spindle/Axle,1
"2014-08",Internal Lock Washer 3,1
"2014-08",Internal Lock Washer 4,1
"2014-08",Keyed Washer,1
"2014-08",LL Grip Tape,2
"2014-08",LL Mountain Pedal,2
"2014-08",LL Mountain Rim,1
"2014-08",LL Mountain Seat/Saddle,1
"2014-08",LL Mountain Tire,1
"2014-08",LL Nipple,2
"2014-08",LL Road Pedal,2
"2014-08",LL Road Rim,2
"2014-08",LL Road Seat/Saddle,1
"2014-08",LL Road Tire,2
"2014-08",LL Shell,1
"2014-08",LL Spindle/Axle,1
"2014-08",Lock Washer 10,1
"2014-08",Lock Washer 13,1
"2014-08",Lock Washer 6,1
"2014-08",Lower Head Race,1
"2014-08",Metal Sheet 1,1
"2014-08",Metal Sheet 6,1
"2014-08",Metal Tread Plate,1
"2014-08",ML Grip Tape,2
"2014-08",ML Mountain Pedal,2
"2014-08",ML Mountain Rim,1
"2014-08",ML Mountain Seat/Saddle,1
"2014-08",ML Mountain Tire,1
"2014-08",ML Road Pedal,2
"2014-08",ML Road Rim,2
"2014-08",ML Road Seat/Saddle,1
"2014-08",ML Road Tire,2
"2014-08",Paint - Black,1
"2014-08",Paint - Blue,1
"2014-08",Paint - Red,1
"2014-08",Paint - Silver,1
"2014-08",Paint - Yellow,1
"2014-08",Rear Brakes,1
"2014-08",Seat Lug,1
"2014-08",Spokes,1
"2014-08",Tension Pulley,1
"2014-08",Thin-Jam Lock Nut 1,1
"2014-08",Thin-Jam Lock Nut 14,1
"2014-08",Thin-Jam Lock Nut 15,1
"2014-08",Thin-Jam Lock Nut 2,1
"2014-08",Thin-Jam Lock Nut 7,1
"2014-08",Thin-Jam Lock Nut 8,1
"2014-08",Touring Rim,1
